asof_time,symbol,table_type,level_family,level_period,level_name,direction,level_price,zone_low,zone_high,last_price,distance_pips,distance_pips_abs,is_above_price,is_below_price,status,touch_count,first_touch_time,first_cross_time,source_data,build_timeframe,entry_timeframe,notes,fresh_score,family_score,period_score,distance_score,strength_score,rank
2026-03-24 20:14:22.868657+00:00,AUD/JPY,swing,POC,M,M_POC,long,109.2005000000112,108.0675000000058,110.15050000001574,110.7995,-159.89999999887914,159.89999999887914,False,True,fresh,0,,,fxcm_m30,H4,H1,Profile 2026-02 | close 111.07000,3,3,2,0.006215040397805881,53.06215040397806,2
2026-03-24 20:14:22.897663+00:00,AUD/JPY,swing,IB,Y,Y_IB_MID,long,108.02225,108.02225,108.02225,110.7995,-277.7249999999995,277.7249999999995,False,True,fresh,0,,,fxcm_m30/d1,H4,H1,Anchor 2026 | range 6.91250,3,2,3,0.0035877657188985623,52.03587765718898,3
2026-03-24 20:14:22.883134+00:00,AUD/JPY,swing,IB,Y,Y_IB_LOW,long,104.566,104.566,104.566,110.7995,-623.3499999999992,623.3499999999992,False,True,fresh,0,,,fxcm_m30/d1,H4,H1,Anchor 2026 | range 6.91250,3,2,3,0.001601665732361658,52.01601665732362,4
2026-03-24 20:14:22.897663+00:00,AUD/JPY,swing,IB,Y,Y_IB_1_UP,short,118.39099999999999,118.39099999999999,118.39099999999999,110.7995,759.1499999999996,759.1499999999996,True,False,fresh,0,,,fxcm_m30/d1,H4,H1,Anchor 2026 | range 6.91250,3,2,3,0.0013155298296388877,52.01315529829639,5
2026-03-24 20:14:22.839963+00:00,AUD/JPY,swing,POC,W,W_POC,short,112.25450000000521,111.90550000000354,113.01450000000884,110.7995,145.50000000052137,145.50000000052137,True,False,fresh,0,,,fxcm_m30,H4,H1,Profile 2026-W12 | close 111.56500,3,3,1,0.006825938566528609,49.068259385665286,13
2026-03-24 20:14:22.868657+00:00,AUD/JPY,swing,IB,M,M_IB_LOW,long,109.53200000000001,109.53200000000001,109.53200000000001,110.7995,-126.74999999999841,126.74999999999841,False,True,fresh,0,,,fxcm_m30/d1,H4,H1,Anchor 2026-03 | range 2.56200,3,2,2,0.007827788649706555,48.07827788649706,14
2026-03-24 20:14:22.868657+00:00,AUD/JPY,swing,IB,M,M_IB_1_DOWN,long,106.97000000000003,106.97000000000003,106.97000000000003,110.7995,-382.94999999999675,382.94999999999675,False,True,fresh,0,,,fxcm_m30/d1,H4,H1,Anchor 2026-03 | range 2.56200,3,2,2,0.002604505795025416,48.026045057950256,15
2026-03-24 20:14:22.868657+00:00,AUD/JPY,swing,IB,M,M_IB_1_UP,short,114.65599999999998,114.65599999999998,114.65599999999998,110.7995,385.6499999999983,385.6499999999983,True,False,fresh,0,,,fxcm_m30/d1,H4,H1,Anchor 2026-03 | range 2.56200,3,2,2,0.0025863183757920717,48.02586318375792,16
2026-03-24 20:14:22.883134+00:00,AUD/JPY,swing,IB,M,M_IB_1_5_DOWN,long,105.68900000000004,105.68900000000004,105.68900000000004,110.7995,-511.0499999999959,511.0499999999959,False,True,fresh,0,,,fxcm_m30/d1,H4,H1,Anchor 2026-03 | range 2.56200,3,2,2,0.0019529342837613672,48.019529342837615,17
2026-03-24 20:14:22.883134+00:00,AUD/JPY,swing,IB,M,M_IB_1_5_UP,short,115.93699999999997,115.93699999999997,115.93699999999997,110.7995,513.7499999999974,513.7499999999974,True,False,fresh,0,,,fxcm_m30/d1,H4,H1,Anchor 2026-03 | range 2.56200,3,2,2,0.001942690626517737,48.019426906265174,18
2026-03-24 20:14:22.883134+00:00,AUD/JPY,swing,IB,M,M_IB_2_DOWN,long,104.40800000000004,104.40800000000004,104.40800000000004,110.7995,-639.1499999999951,639.1499999999951,False,True,fresh,0,,,fxcm_m30/d1,H4,H1,Anchor 2026-03 | range 2.56200,3,2,2,0.0015621338748730885,48.01562133874873,19
2026-03-24 20:14:22.883134+00:00,AUD/JPY,swing,IB,M,M_IB_2_UP,short,117.21799999999996,117.21799999999996,117.21799999999996,110.7995,641.8499999999966,641.8499999999966,True,False,fresh,0,,,fxcm_m30/d1,H4,H1,Anchor 2026-03 | range 2.56200,3,2,2,0.001555572839698227,48.01555572839698,20
2026-03-24 20:14:22.839963+00:00,AUD/JPY,swing,IB,W,W_IB_LOW,long,110.28200000000001,110.28200000000001,110.28200000000001,110.7995,-51.74999999999841,51.74999999999841,False,True,fresh,0,,,fxcm_m30/d1,H4,H1,Anchor 2026-W13 | range 1.50050,3,2,1,0.01895734597156455,44.189573459715646,23
2026-03-24 20:14:22.839963+00:00,AUD/JPY,swing,IB,W,W_IB_HIGH,short,111.7825,111.7825,111.7825,110.7995,98.30000000000041,98.30000000000041,True,False,fresh,0,,,fxcm_m30/d1,H4,H1,Anchor 2026-W13 | range 1.50050,3,2,1,0.010070493454179213,44.100704934541795,24
2026-03-24 20:14:22.854140+00:00,AUD/JPY,swing,IB,W,W_IB_1_DOWN,long,108.78150000000002,108.78150000000002,108.78150000000002,110.7995,-201.79999999999723,201.79999999999723,False,True,fresh,0,,,fxcm_m30/d1,H4,H1,Anchor 2026-W13 | range 1.50050,3,2,1,0.004930966469428076,44.04930966469428,25
2026-03-24 20:14:22.854140+00:00,AUD/JPY,swing,IB,W,W_IB_1_UP,short,113.28299999999999,113.28299999999999,113.28299999999999,110.7995,248.34999999999923,248.34999999999923,True,False,fresh,0,,,fxcm_m30/d1,H4,H1,Anchor 2026-W13 | range 1.50050,3,2,1,0.0040104271104872795,44.04010427110487,26
2026-03-24 20:14:22.860766+00:00,AUD/JPY,swing,IB,W,W_IB_1_5_DOWN,long,108.03125000000003,108.03125000000003,108.03125000000003,110.7995,-276.82499999999663,276.82499999999663,False,True,fresh,0,,,fxcm_m30/d1,H4,H1,Anchor 2026-W13 | range 1.50050,3,2,1,0.00359938810402236,44.03599388104023,27
2026-03-24 20:14:22.857846+00:00,AUD/JPY,swing,IB,W,W_IB_1_5_UP,short,114.03324999999998,114.03324999999998,114.03324999999998,110.7995,323.37499999999864,323.37499999999864,True,False,fresh,0,,,fxcm_m30/d1,H4,H1,Anchor 2026-W13 | range 1.50050,3,2,1,0.0030828516377649456,44.030828516377646,28
2026-03-24 20:14:22.863933+00:00,AUD/JPY,swing,IB,W,W_IB_2_DOWN,long,107.28100000000003,107.28100000000003,107.28100000000003,110.7995,-351.84999999999604,351.84999999999604,False,True,fresh,0,,,fxcm_m30/d1,H4,H1,Anchor 2026-W13 | range 1.50050,3,2,1,0.0028340654669123176,44.02834065466912,29
2026-03-24 20:14:22.862873+00:00,AUD/JPY,swing,IB,W,W_IB_2_UP,short,114.78349999999998,114.78349999999998,114.78349999999998,110.7995,398.39999999999804,398.39999999999804,True,False,fresh,0,,,fxcm_m30/d1,H4,H1,Anchor 2026-W13 | range 1.50050,3,2,1,0.0025037556334501876,44.0250375563345,30
2026-03-24 20:14:22.867108+00:00,AUD/JPY,swing,IB,W,W_IB_3_DOWN,long,105.78050000000005,105.78050000000005,105.78050000000005,110.7995,-501.89999999999486,501.89999999999486,False,True,fresh,0,,,fxcm_m30/d1,H4,H1,Anchor 2026-W13 | range 1.50050,3,2,1,0.001988466892026268,44.01988466892026,31
2026-03-24 20:14:22.866049+00:00,AUD/JPY,swing,IB,W,W_IB_3_UP,short,116.28399999999996,116.28399999999996,116.28399999999996,110.7995,548.4499999999969,548.4499999999969,True,False,fresh,0,,,fxcm_m30/d1,H4,H1,Anchor 2026-W13 | range 1.50050,3,2,1,0.0018200018200018305,44.01820001820002,32
2026-03-24 20:14:22.839963+00:00,AUD/JPY,swing,IB,W,W_IB_MID,short,111.03225,111.03225,111.03225,110.7995,23.275000000001,23.275000000001,True,False,tested,2,2026-03-24T00:00:00+00:00,,fxcm_m30/d1,H4,H1,Anchor 2026-W13 | range 1.50050,1,2,1,0.0411946446961878,24.411946446961878,33
2026-03-24 20:14:22.868657+00:00,AUD/JPY,swing,IB,M,M_IB_MID,short,110.813,110.813,110.813,110.7995,1.3500000000007617,1.3500000000007617,True,False,crossed,31,2026-03-06T02:00:00+00:00,2026-03-06T02:00:00+00:00,fxcm_m30/d1,H4,H1,Anchor 2026-03 | range 2.56200,0,2,2,0.4255319148934791,22.25531914893479,34
2026-03-24 20:14:22.883134+00:00,AUD/JPY,swing,IB,Y,Y_IB_HIGH,short,111.4785,111.4785,111.4785,110.7995,67.9000000000002,67.9000000000002,True,False,crossed,49,2026-03-02T14:30:00+00:00,2026-03-02T15:00:00+00:00,fxcm_m30/d1,H4,H1,Anchor 2026 | range 6.91250,0,2,3,0.014513788098693716,22.145137880986937,35
2026-03-24 20:14:22.868657+00:00,AUD/JPY,swing,IB,M,M_IB_HIGH,short,112.094,112.094,112.094,110.7995,129.44999999999993,129.44999999999993,True,False,crossed,27,2026-03-10T09:30:00+00:00,2026-03-10T09:30:00+00:00,fxcm_m30/d1,H4,H1,Anchor 2026-03 | range 2.56200,0,2,2,0.0076657723265619055,18.07665772326562,36
2026-03-24 20:14:13.652443+00:00,AUD/USD,swing,IB,Y,Y_IB_MID,long,0.6905025,0.6905025,0.6905025,0.696785,-62.82499999999968,62.82499999999968,False,True,fresh,0,,,fxcm_m30/d1,H4,H1,Anchor 2026 | range 0.04842,3,2,3,0.015667841754798354,52.15667841754799,2
2026-03-24 20:14:13.634377+00:00,AUD/USD,swing,IB,M,M_IB_1_DOWN,long,0.676555,0.676555,0.676555,0.696785,-202.2999999999997,202.2999999999997,False,True,fresh,0,,,fxcm_m30/d1,H4,H1,Anchor 2026-03 | range 0.01786,3,2,2,0.004918839153959673,48.049188391539595,12
2026-03-24 20:14:13.634377+00:00,AUD/USD,swing,IB,M,M_IB_1_5_DOWN,long,0.667625,0.667625,0.667625,0.696785,-291.5999999999996,291.5999999999996,False,True,fresh,0,,,fxcm_m30/d1,H4,H1,Anchor 2026-03 | range 0.01786,3,2,2,0.0034176349965823693,48.034176349965826,13
2026-03-24 20:14:13.607077+00:00,AUD/USD,swing,IB,W,W_IB_LOW,long,0.691065,0.691065,0.691065,0.696785,-57.19999999999947,57.19999999999947,False,True,fresh,0,,,fxcm_m30/d1,H4,H1,Anchor 2026-W13 | range 0.01519,3,2,1,0.017182130584192597,44.171821305841924,20
2026-03-24 20:14:13.607077+00:00,AUD/USD,swing,IB,W,W_IB_HIGH,short,0.7062550000000001,0.7062550000000001,0.7062550000000001,0.696785,94.70000000000088,94.70000000000088,True,False,fresh,0,,,fxcm_m30/d1,H4,H1,Anchor 2026-W13 | range 0.01519,3,2,1,0.010449320794148283,44.10449320794148,21
2026-03-24 20:14:13.616095+00:00,AUD/USD,swing,IB,W,W_IB_1_DOWN,long,0.675875,0.675875,0.675875,0.696785,-209.09999999999982,209.09999999999982,False,True,fresh,0,,,fxcm_m30/d1,H4,H1,Anchor 2026-W13 | range 0.01519,3,2,1,0.004759638267491675,44.04759638267492,22
2026-03-24 20:14:13.616095+00:00,AUD/USD,swing,IB,W,W_IB_1_UP,short,0.7214450000000001,0.7214450000000001,0.7214450000000001,0.696785,246.60000000000124,246.60000000000124,True,False,fresh,0,,,fxcm_m30/d1,H4,H1,Anchor 2026-W13 | range 0.01519,3,2,1,0.004038772213247153,44.04038772213247,23
2026-03-24 20:14:13.616095+00:00,AUD/USD,swing,IB,W,W_IB_1_5_DOWN,long,0.66828,0.66828,0.66828,0.696785,-285.05,285.05,False,True,fresh,0,,,fxcm_m30/d1,H4,H1,Anchor 2026-W13 | range 0.01519,3,2,1,0.003495892326516343,44.034958923265165,24
2026-03-24 20:14:13.625187+00:00,AUD/USD,swing,POC,M,M_POC,short,0.707349999999998,0.7019499999999986,0.7130499999999974,0.696785,105.64999999998048,105.64999999998048,True,False,crossed,69,2026-03-01T18:00:00+00:00,2026-03-02T00:30:00+00:00,fxcm_m30,H4,H1,Profile 2026-02 | close 0.71138,0,3,2,0.00937646507266932,23.093764650726694,30
2026-03-24 20:14:13.652443+00:00,AUD/USD,swing,IB,Y,Y_IB_HIGH,short,0.714715,0.714715,0.714715,0.696785,179.3,179.3,True,False,crossed,23,2026-03-10T14:30:00+00:00,2026-03-10T16:00:00+00:00,fxcm_m30/d1,H4,H1,Anchor 2026 | range 0.04842,0,2,3,0.005546311702717692,22.055463117027177,31
2026-03-24 20:14:13.607077+00:00,AUD/USD,swing,POC,W,W_POC,short,0.7037499999999995,0.7029499999999996,0.709149999999999,0.696785,69.64999999999554,69.64999999999554,True,False,crossed,3,2026-03-23T11:00:00+00:00,2026-03-23T14:00:00+00:00,fxcm_m30,H4,H1,Profile 2026-W12 | close 0.70101,0,3,1,0.01415428167020613,19.14154281670206,32
2026-03-24 20:14:13.625187+00:00,AUD/USD,swing,IB,M,M_IB_LOW,long,0.694415,0.694415,0.694415,0.696785,-23.699999999999832,23.699999999999832,False,True,crossed,5,2026-03-23T09:30:00+00:00,2026-03-23T09:30:00+00:00,fxcm_m30/d1,H4,H1,Anchor 2026-03 | range 0.01786,0,2,2,0.04048582995951445,18.404858299595144,33
2026-03-24 20:14:13.634377+00:00,AUD/USD,swing,IB,M,M_IB_MID,short,0.703345,0.703345,0.703345,0.696785,65.6000000000001,65.6000000000001,True,False,crossed,53,2026-03-06T01:30:00+00:00,2026-03-06T02:00:00+00:00,fxcm_m30/d1,H4,H1,Anchor 2026-03 | range 0.01786,0,2,2,0.015015015015014994,18.15015015015015,34
2026-03-24 20:14:13.625187+00:00,AUD/USD,swing,IB,M,M_IB_HIGH,short,0.712275,0.712275,0.712275,0.696785,154.90000000000003,154.90000000000003,True,False,crossed,15,2026-03-10T11:30:00+00:00,2026-03-10T13:00:00+00:00,fxcm_m30/d1,H4,H1,Anchor 2026-03 | range 0.01786,0,2,2,0.006414368184733802,18.064143681847337,35
2026-03-24 20:14:13.607077+00:00,AUD/USD,swing,IB,W,W_IB_MID,short,0.6986600000000001,0.6986600000000001,0.6986600000000001,0.696785,18.75000000000071,18.75000000000071,True,False,crossed,9,2026-03-24T00:00:00+00:00,2026-03-24T01:30:00+00:00,fxcm_m30/d1,H4,H1,Anchor 2026-W13 | range 0.01519,0,2,1,0.050632911392403245,14.506329113924032,36
2026-03-24 20:14:24.022042+00:00,CAD/JPY,swing,IB,Y,Y_IB_MID,long,113.58275,113.58275,113.58275,115.532,-194.92499999999922,194.92499999999922,False,True,fresh,0,,,fxcm_m30/d1,H4,H1,Anchor 2026 | range 3.70450,3,2,3,0.00510399387520737,52.051039938752076,2
2026-03-24 20:14:24.022042+00:00,CAD/JPY,swing,IB,Y,Y_IB_1_UP,short,119.1395,119.1395,119.1395,115.532,360.75000000000017,360.75000000000017,True,False,fresh,0,,,fxcm_m30/d1,H4,H1,Anchor 2026 | range 3.70450,3,2,3,0.0027643400138216987,52.02764340013822,3
2026-03-24 20:14:24.022042+00:00,CAD/JPY,swing,IB,Y,Y_IB_LOW,long,111.7305,111.7305,111.7305,115.532,-380.149999999999,380.149999999999,False,True,fresh,0,,,fxcm_m30/d1,H4,H1,Anchor 2026 | range 3.70450,3,2,3,0.0026236389872753576,52.02623638987276,4
2026-03-24 20:14:24.036096+00:00,CAD/JPY,swing,IB,Y,Y_IB_1_5_UP,short,120.99175,120.99175,120.99175,115.532,545.9749999999999,545.9749999999999,True,False,fresh,0,,,fxcm_m30/d1,H4,H1,Anchor 2026 | range 3.70450,3,2,3,0.0018282371223547697,52.01828237122355,5
2026-03-24 20:14:24.036096+00:00,CAD/JPY,swing,IB,Y,Y_IB_2_UP,short,122.844,122.844,122.844,115.532,731.1999999999997,731.1999999999997,True,False,fresh,0,,,fxcm_m30/d1,H4,H1,Anchor 2026 | range 3.70450,3,2,3,0.0013657470636438138,52.01365747063644,6
2026-03-24 20:14:24.036096+00:00,CAD/JPY,swing,IB,Y,Y_IB_1_DOWN,long,108.02600000000001,108.02600000000001,108.02600000000001,115.532,-750.5999999999985,750.5999999999985,False,True,fresh,0,,,fxcm_m30/d1,H4,H1,Anchor 2026 | range 3.70450,3,2,3,0.0013304949441192149,52.01330494944119,7
2026-03-24 20:14:24.007749+00:00,CAD/JPY,swing,IB,M,M_IB_LOW,long,114.03450000000001,114.03450000000001,114.03450000000001,115.532,-149.7499999999988,149.7499999999988,False,True,fresh,0,,,fxcm_m30/d1,H4,H1,Anchor 2026-03 | range 1.68500,3,2,2,0.006633499170812656,48.066334991708125,12
2026-03-24 20:14:24.007749+00:00,CAD/JPY,swing,IB,M,M_IB_1_UP,short,117.40449999999998,117.40449999999998,117.40449999999998,115.532,187.2499999999988,187.2499999999988,True,False,fresh,0,,,fxcm_m30/d1,H4,H1,Anchor 2026-03 | range 1.68500,3,2,2,0.005312084993359927,48.0531208499336,13
2026-03-24 20:14:24.007749+00:00,CAD/JPY,swing,IB,M,M_IB_1_5_UP,short,118.24699999999999,118.24699999999999,118.24699999999999,115.532,271.4999999999989,271.4999999999989,True,False,fresh,0,,,fxcm_m30/d1,H4,H1,Anchor 2026-03 | range 1.68500,3,2,2,0.0036697247706422164,48.03669724770642,14
2026-03-24 20:14:24.007749+00:00,CAD/JPY,swing,IB,M,M_IB_1_DOWN,long,112.34950000000002,112.34950000000002,112.34950000000002,115.532,-318.2499999999976,318.2499999999976,False,True,fresh,0,,,fxcm_m30/d1,H4,H1,Anchor 2026-03 | range 1.68500,3,2,2,0.003132341425215372,48.03132341425216,15
2026-03-24 20:14:24.022042+00:00,CAD/JPY,swing,IB,M,M_IB_2_UP,short,119.08949999999997,119.08949999999997,119.08949999999997,115.532,355.7499999999976,355.7499999999976,True,False,fresh,0,,,fxcm_m30/d1,H4,H1,Anchor 2026-03 | range 1.68500,3,2,2,0.002803083391730923,48.028030833917306,16
2026-03-24 20:14:24.007749+00:00,CAD/JPY,swing,IB,M,M_IB_1_5_DOWN,long,111.50700000000003,111.50700000000003,111.50700000000003,115.532,-402.4999999999963,402.4999999999963,False,True,fresh,0,,,fxcm_m30/d1,H4,H1,Anchor 2026-03 | range 1.68500,3,2,2,0.002478314745972761,48.02478314745973,17
2026-03-24 20:14:24.022042+00:00,CAD/JPY,swing,IB,M,M_IB_2_DOWN,long,110.66450000000003,110.66450000000003,110.66450000000003,115.532,-486.7499999999964,486.7499999999964,False,True,fresh,0,,,fxcm_m30/d1,H4,H1,Anchor 2026-03 | range 1.68500,3,2,2,0.002050230650948247,48.020502306509485,18
2026-03-24 20:14:24.022042+00:00,CAD/JPY,swing,IB,M,M_IB_3_UP,short,120.77449999999996,120.77449999999996,120.77449999999996,115.532,524.2499999999964,524.2499999999964,True,False,fresh,0,,,fxcm_m30/d1,H4,H1,Anchor 2026-03 | range 1.68500,3,2,2,0.0019038553069966814,48.01903855306997,19
2026-03-24 20:14:24.022042+00:00,CAD/JPY,swing,IB,M,M_IB_3_DOWN,long,108.97950000000004,108.97950000000004,108.97950000000004,115.532,-655.2499999999952,655.2499999999952,False,True,fresh,0,,,fxcm_m30/d1,H4,H1,Anchor 2026-03 | range 1.68500,3,2,2,0.001523809523809535,48.0152380952381,20
2026-03-24 20:14:23.993267+00:00,CAD/JPY,swing,IB,W,W_IB_MID,short,115.79575,115.79575,115.79575,115.532,26.37500000000017,26.37500000000017,True,False,fresh,0,,,fxcm_m30/d1,H4,H1,Anchor 2026-W13 | range 1.21150,3,2,1,0.03652968036529657,44.36529680365297,21
2026-03-24 20:14:23.993267+00:00,CAD/JPY,swing,IB,W,W_IB_LOW,long,115.19,115.19,115.19,115.532,-34.199999999999875,34.199999999999875,False,True,fresh,0,,,fxcm_m30/d1,H4,H1,Anchor 2026-W13 | range 1.21150,3,2,1,0.02840909090909101,44.28409090909091,22
2026-03-24 20:14:23.979048+00:00,CAD/JPY,swing,IB,W,W_IB_HIGH,short,116.4015,116.4015,116.4015,115.532,86.95000000000022,86.95000000000022,True,False,fresh,0,,,fxcm_m30/d1,H4,H1,Anchor 2026-W13 | range 1.21150,3,2,1,0.011370096645821462,44.11370096645822,23
2026-03-24 20:14:23.993267+00:00,CAD/JPY,swing,IB,W,W_IB_1_DOWN,long,113.9785,113.9785,113.9785,115.532,-155.34999999999997,155.34999999999997,False,True,fresh,0,,,fxcm_m30/d1,H4,H1,Anchor 2026-W13 | range 1.21150,3,2,1,0.006395906619763352,44.06395906619763,24
2026-03-24 20:14:23.993267+00:00,CAD/JPY,swing,IB,W,W_IB_1_UP,short,117.613,117.613,117.613,115.532,208.1000000000003,208.1000000000003,True,False,fresh,0,,,fxcm_m30/d1,H4,H1,Anchor 2026-W13 | range 1.21150,3,2,1,0.004782400765184116,44.04782400765184,25
2026-03-24 20:14:23.993267+00:00,CAD/JPY,swing,IB,W,W_IB_1_5_DOWN,long,113.37275,113.37275,113.37275,115.532,-215.925,215.925,False,True,fresh,0,,,fxcm_m30/d1,H4,H1,Anchor 2026-W13 | range 1.21150,3,2,1,0.004609888210210902,44.04609888210211,26
2026-03-24 20:14:23.993267+00:00,CAD/JPY,swing,IB,W,W_IB_1_5_UP,short,118.21875,118.21875,118.21875,115.532,268.67500000000035,268.67500000000035,True,False,fresh,0,,,fxcm_m30/d1,H4,H1,Anchor 2026-W13 | range 1.21150,3,2,1,0.0037081672383424444,44.03708167238342,27
2026-03-24 20:14:23.993267+00:00,CAD/JPY,swing,IB,W,W_IB_2_DOWN,long,112.767,112.767,112.767,115.532,-276.50000000000006,276.50000000000006,False,True,fresh,0,,,fxcm_m30/d1,H4,H1,Anchor 2026-W13 | range 1.21150,3,2,1,0.003603603603603603,44.03603603603604,28
2026-03-24 20:14:23.993267+00:00,CAD/JPY,swing,IB,W,W_IB_2_UP,short,118.8245,118.8245,118.8245,115.532,329.2500000000004,329.2500000000004,True,False,fresh,0,,,fxcm_m30/d1,H4,H1,Anchor 2026-W13 | range 1.21150,3,2,1,0.0030280090840272486,44.03028009084027,29
2026-03-24 20:14:24.007749+00:00,CAD/JPY,swing,IB,W,W_IB_3_DOWN,long,111.5555,111.5555,111.5555,115.532,-397.65000000000015,397.65000000000015,False,True,fresh,0,,,fxcm_m30/d1,H4,H1,Anchor 2026-W13 | range 1.21150,3,2,1,0.002508466072996362,44.025084660729966,30
2026-03-24 20:14:23.993267+00:00,CAD/JPY,swing,IB,W,W_IB_3_UP,short,120.036,120.036,120.036,115.532,450.4000000000005,450.4000000000005,True,False,fresh,0,,,fxcm_m30/d1,H4,H1,Anchor 2026-W13 | range 1.21150,3,2,1,0.002215330084182541,44.02215330084182,31
2026-03-24 20:14:23.979048+00:00,CAD/JPY,swing,POC,W,W_POC,short,116.34350000000775,115.85350000000541,116.49250000000846,115.532,81.15000000077544,81.15000000077544,True,False,tested,6,2026-03-23T01:00:00+00:00,,fxcm_m30,H4,H1,Profile 2026-W12 | close 116.09200,1,3,1,0.01217285453427341,29.121728545342734,32
2026-03-24 20:14:24.007749+00:00,CAD/JPY,swing,POC,M,M_POC,long,114.76250000001427,112.98450000000578,114.96850000001525,115.532,-76.9499999985726,76.9499999985726,False,True,crossed,6,2026-03-02T05:00:00+00:00,2026-03-02T05:00:00+00:00,fxcm_m30,H4,H1,Profile 2026-02 | close 114.39100,0,3,2,0.012828736369702524,23.128287363697027,33
2026-03-24 20:14:24.022042+00:00,CAD/JPY,swing,IB,Y,Y_IB_HIGH,long,115.435,115.435,115.435,115.532,-9.69999999999942,9.69999999999942,False,True,crossed,45,2026-03-03T16:30:00+00:00,2026-03-03T18:00:00+00:00,fxcm_m30/d1,H4,H1,Anchor 2026 | range 3.70450,0,2,3,0.0934579439252387,22.93457943925239,34
2026-03-24 20:14:24.007749+00:00,CAD/JPY,swing,IB,M,M_IB_HIGH,short,115.7195,115.7195,115.7195,115.532,18.75,18.75,True,False,crossed,20,2026-03-06T15:00:00+00:00,2026-03-06T15:00:00+00:00,fxcm_m30/d1,H4,H1,Anchor 2026-03 | range 1.68500,0,2,2,0.05063291139240506,18.50632911392405,35
2026-03-24 20:14:24.007749+00:00,CAD/JPY,swing,IB,M,M_IB_MID,long,114.87700000000001,114.87700000000001,114.87700000000001,115.532,-65.49999999999869,65.49999999999869,False,True,crossed,9,2026-03-19T19:00:00+00:00,2026-03-19T19:00:00+00:00,fxcm_m30/d1,H4,H1,Anchor 2026-03 | range 1.68500,0,2,2,0.015037593984962702,18.150375939849628,36
2026-03-24 20:14:25.276540+00:00,CHF/JPY,swing,IB,Y,Y_IB_LOW,long,196.089,196.089,196.089,201.2615,-517.2500000000014,517.2500000000014,False,True,fresh,0,,,fxcm_m30/d1,H4,H1,Anchor 2026 | range 7.58000,3,2,3,0.0019295706705258029,52.01929570670526,2
2026-03-24 20:14:25.261378+00:00,CHF/JPY,swing,IB,M,M_IB_1_DOWN,long,196.8265,196.8265,196.8265,201.2615,-443.5000000000002,443.5000000000002,False,True,fresh,0,,,fxcm_m30/d1,H4,H1,Anchor 2026-03 | range 3.59600,3,2,2,0.002249718785151855,48.02249718785152,11
2026-03-24 20:14:25.262428+00:00,CHF/JPY,swing,IB,M,M_IB_1_5_DOWN,long,195.0285,195.0285,195.0285,201.2615,-623.3000000000004,623.3000000000004,False,True,fresh,0,,,fxcm_m30/d1,H4,H1,Anchor 2026-03 | range 3.59600,3,2,2,0.0016017940092904043,48.0160179400929,12
2026-03-24 20:14:25.248297+00:00,CHF/JPY,swing,IB,M,M_IB_1_UP,short,207.61450000000002,207.61450000000002,207.61450000000002,201.2615,635.3000000000009,635.3000000000009,True,False,fresh,0,,,fxcm_m30/d1,H4,H1,Anchor 2026-03 | range 3.59600,3,2,2,0.0015715857300015695,48.015715857300016,13
2026-03-24 20:14:25.234060+00:00,CHF/JPY,swing,IB,W,W_IB_LOW,long,200.5455,200.5455,200.5455,201.2615,-71.60000000000082,71.60000000000082,False,True,fresh,0,,,fxcm_m30/d1,H4,H1,Anchor 2026-W13 | range 1.83750,3,2,1,0.013774104683195437,44.137741046831955,19
2026-03-24 20:14:25.234060+00:00,CHF/JPY,swing,IB,W,W_IB_HIGH,short,202.38299999999998,202.38299999999998,202.38299999999998,201.2615,112.14999999999691,112.14999999999691,True,False,fresh,0,,,fxcm_m30/d1,H4,H1,Anchor 2026-W13 | range 1.83750,3,2,1,0.008837825894830113,44.0883782589483,20
2026-03-24 20:14:25.234060+00:00,CHF/JPY,swing,IB,W,W_IB_1_DOWN,long,198.70800000000003,198.70800000000003,198.70800000000003,201.2615,-255.34999999999854,255.34999999999854,False,True,fresh,0,,,fxcm_m30/d1,H4,H1,Anchor 2026-W13 | range 1.83750,3,2,1,0.0039009167154281476,44.03900916715428,21
2026-03-24 20:14:25.234060+00:00,CHF/JPY,swing,IB,W,W_IB_1_UP,short,204.22049999999996,204.22049999999996,204.22049999999996,201.2615,295.89999999999463,295.89999999999463,True,False,fresh,0,,,fxcm_m30/d1,H4,H1,Anchor 2026-W13 | range 1.83750,3,2,1,0.0033681374200067974,44.03368137420007,22
2026-03-24 20:14:25.234060+00:00,CHF/JPY,swing,IB,W,W_IB_1_5_DOWN,long,197.78925000000004,197.78925000000004,197.78925000000004,201.2615,-347.2249999999974,347.2249999999974,False,True,fresh,0,,,fxcm_m30/d1,H4,H1,Anchor 2026-W13 | range 1.83750,3,2,1,0.0028717065115945366,44.02871706511595,23
2026-03-24 20:14:25.234060+00:00,CHF/JPY,swing,IB,W,W_IB_1_5_UP,short,205.13924999999995,205.13924999999995,205.13924999999995,201.2615,387.7749999999935,387.7749999999935,True,False,fresh,0,,,fxcm_m30/d1,H4,H1,Anchor 2026-W13 | range 1.83750,3,2,1,0.0025721818532570685,44.025721818532574,24
2026-03-24 20:14:25.248297+00:00,CHF/JPY,swing,IB,W,W_IB_2_DOWN,long,196.87050000000005,196.87050000000005,196.87050000000005,201.2615,-439.09999999999627,439.09999999999627,False,True,fresh,0,,,fxcm_m30/d1,H4,H1,Anchor 2026-W13 | range 1.83750,3,2,1,0.0022722108611679358,44.02272210861168,25
2026-03-24 20:14:25.234060+00:00,CHF/JPY,swing,IB,W,W_IB_2_UP,short,206.05799999999994,206.05799999999994,206.05799999999994,201.2615,479.64999999999236,479.64999999999236,True,False,fresh,0,,,fxcm_m30/d1,H4,H1,Anchor 2026-W13 | range 1.83750,3,2,1,0.0020805159679600873,44.020805159679604,26
2026-03-24 20:14:25.248297+00:00,CHF/JPY,swing,IB,W,W_IB_3_DOWN,long,195.03300000000007,195.03300000000007,195.03300000000007,201.2615,-622.849999999994,622.849999999994,False,True,fresh,0,,,fxcm_m30/d1,H4,H1,Anchor 2026-W13 | range 1.83750,3,2,1,0.0016029494269455952,44.01602949426945,27
2026-03-24 20:14:25.248297+00:00,CHF/JPY,swing,IB,W,W_IB_3_UP,short,207.8954999999999,207.8954999999999,207.8954999999999,201.2615,663.3999999999901,663.3999999999901,True,False,fresh,0,,,fxcm_m30/d1,H4,H1,Anchor 2026-W13 | range 1.83750,3,2,1,0.0015051173991571568,44.01505117399157,28
2026-03-24 20:14:25.248297+00:00,CHF/JPY,swing,IB,M,M_IB_HIGH,short,204.01850000000002,204.01850000000002,204.01850000000002,201.2615,275.7000000000005,275.7000000000005,True,False,tested,1,2026-03-11T09:00:00+00:00,,fxcm_m30/d1,H4,H1,Anchor 2026-03 | range 3.59600,1,2,2,0.0036140224069389163,28.03614022406939,29
2026-03-24 20:14:25.248297+00:00,CHF/JPY,swing,POC,M,M_POC,long,200.00750000001125,198.30550000000312,201.7355000000195,201.2615,-125.39999999887641,125.39999999887641,False,True,crossed,11,2026-03-19T11:00:00+00:00,2026-03-19T11:00:00+00:00,fxcm_m30,H4,H1,Profile 2026-02 | close 202.84500,0,3,2,0.007911392405133617,23.079113924051335,30
2026-03-24 20:14:25.276540+00:00,CHF/JPY,swing,IB,Y,Y_IB_MID,long,199.879,199.879,199.879,201.2615,-138.25000000000216,138.25000000000216,False,True,crossed,4,2026-03-19T13:30:00+00:00,2026-03-19T13:30:00+00:00,fxcm_m30/d1,H4,H1,Anchor 2026 | range 7.58000,0,2,3,0.007181328545780858,22.071813285457807,31
2026-03-24 20:14:25.262428+00:00,CHF/JPY,swing,IB,Y,Y_IB_HIGH,short,203.66899999999998,203.66899999999998,203.66899999999998,201.2615,240.74999999999704,240.74999999999704,True,False,crossed,18,2026-03-02T04:30:00+00:00,2026-03-02T04:30:00+00:00,fxcm_m30/d1,H4,H1,Anchor 2026 | range 7.58000,0,2,3,0.004136504653567786,22.041365046535677,32
2026-03-24 20:14:25.234060+00:00,CHF/JPY,swing,POC,W,W_POC,short,202.06250000001228,201.32250000000874,202.5685000000147,201.2615,80.10000000122659,80.10000000122659,True,False,crossed,7,2026-03-23T00:00:00+00:00,2026-03-23T00:30:00+00:00,fxcm_m30,H4,H1,Profile 2026-W12 | close 202.02900,0,3,1,0.012330456226693903,19.123304562266938,33
2026-03-24 20:14:25.248297+00:00,CHF/JPY,swing,IB,M,M_IB_LOW,long,200.4225,200.4225,200.4225,201.2615,-83.89999999999986,83.89999999999986,False,True,crossed,6,2026-03-19T09:30:00+00:00,2026-03-19T10:00:00+00:00,fxcm_m30/d1,H4,H1,Anchor 2026-03 | range 3.59600,0,2,2,0.011778563015312151,18.117785630153122,34
2026-03-24 20:14:25.248297+00:00,CHF/JPY,swing,IB,M,M_IB_MID,short,202.22050000000002,202.22050000000002,202.22050000000002,201.2615,95.90000000000032,95.90000000000032,True,False,crossed,44,2026-03-06T14:00:00+00:00,2026-03-06T14:00:00+00:00,fxcm_m30/d1,H4,H1,Anchor 2026-03 | range 3.59600,0,2,2,0.01031991744066044,18.103199174406605,35
2026-03-24 20:14:25.234060+00:00,CHF/JPY,swing,IB,W,W_IB_MID,short,201.46425,201.46425,201.46425,201.2615,20.274999999998045,20.274999999998045,True,False,crossed,9,2026-03-24T00:00:00+00:00,2026-03-24T07:00:00+00:00,fxcm_m30/d1,H4,H1,Anchor 2026-W13 | range 1.83750,0,2,1,0.04700352526439915,14.470035252643992,36
2026-03-24 20:14:20.632842+00:00,EUR/CHF,swing,IB,Y,Y_IB_MID,short,0.9183925,0.9183925,0.9183925,0.9152699999999999,31.22500000000028,31.22500000000028,True,False,fresh,0,,,fxcm_m30/d1,H4,H1,Anchor 2026 | range 0.03321,3,2,3,0.031031807602792595,52.310318076027926,1
2026-03-24 20:14:20.632842+00:00,EUR/CHF,swing,IB,Y,Y_IB_HIGH,short,0.934995,0.934995,0.934995,0.9152699999999999,197.25000000000102,197.25000000000102,True,False,fresh,0,,,fxcm_m30/d1,H4,H1,Anchor 2026 | range 0.03321,3,2,3,0.005044136191677149,52.050441361916775,2
2026-03-24 20:14:20.618668+00:00,EUR/CHF,swing,IB,M,M_IB_1_UP,short,0.92438,0.92438,0.92438,0.9152699999999999,91.10000000000062,91.10000000000062,True,False,fresh,0,,,fxcm_m30/d1,H4,H1,Anchor 2026-03 | range 0.01129,3,2,2,0.01085776330075997,48.1085776330076,11
2026-03-24 20:14:20.618668+00:00,EUR/CHF,swing,IB,M,M_IB_1_5_UP,short,0.930025,0.930025,0.930025,0.9152699999999999,147.55000000000072,147.55000000000072,True,False,fresh,0,,,fxcm_m30/d1,H4,H1,Anchor 2026-03 | range 0.01129,3,2,2,0.006731740154829991,48.0673174015483,12
2026-03-24 20:14:20.618668+00:00,EUR/CHF,swing,IB,M,M_IB_2_UP,short,0.93567,0.93567,0.93567,0.9152699999999999,204.00000000000082,204.00000000000082,True,False,fresh,0,,,fxcm_m30/d1,H4,H1,Anchor 2026-03 | range 0.01129,3,2,2,0.004878048780487785,48.048780487804876,13
2026-03-24 20:14:20.618668+00:00,EUR/CHF,swing,IB,M,M_IB_1_DOWN,long,0.8905099999999999,0.8905099999999999,0.8905099999999999,0.9152699999999999,-247.60000000000002,247.60000000000002,False,True,fresh,0,,,fxcm_m30/d1,H4,H1,Anchor 2026-03 | range 0.01129,3,2,2,0.004022526146419951,48.0402252614642,14
2026-03-24 20:14:20.590135+00:00,EUR/CHF,swing,IB,W,W_IB_1_UP,short,0.920045,0.920045,0.920045,0.9152699999999999,47.750000000000846,47.750000000000846,True,False,fresh,0,,,fxcm_m30/d1,H4,H1,Anchor 2026-W13 | range 0.00535,3,2,1,0.020512820512820155,44.205128205128204,19
2026-03-24 20:14:20.590135+00:00,EUR/CHF,swing,IB,W,W_IB_LOW,long,0.9093450000000001,0.9093450000000001,0.9093450000000001,0.9152699999999999,-59.249999999998465,59.249999999998465,False,True,fresh,0,,,fxcm_m30/d1,H4,H1,Anchor 2026-W13 | range 0.00535,3,2,1,0.016597510373444407,44.165975103734446,20
2026-03-24 20:14:20.604486+00:00,EUR/CHF,swing,IB,W,W_IB_1_5_UP,short,0.92272,0.92272,0.92272,0.9152699999999999,74.50000000000067,74.50000000000067,True,False,fresh,0,,,fxcm_m30/d1,H4,H1,Anchor 2026-W13 | range 0.00535,3,2,1,0.013245033112582663,44.132450331125824,21
2026-03-24 20:14:20.604486+00:00,EUR/CHF,swing,IB,W,W_IB_2_UP,short,0.925395,0.925395,0.925395,0.9152699999999999,101.2500000000005,101.2500000000005,True,False,fresh,0,,,fxcm_m30/d1,H4,H1,Anchor 2026-W13 | range 0.00535,3,2,1,0.009779951100244452,44.09779951100244,22
2026-03-24 20:14:20.604486+00:00,EUR/CHF,swing,IB,W,W_IB_1_DOWN,long,0.9039950000000001,0.9039950000000001,0.9039950000000001,0.9152699999999999,-112.74999999999812,112.74999999999812,False,True,fresh,0,,,fxcm_m30/d1,H4,H1,Anchor 2026-W13 | range 0.00535,3,2,1,0.008791208791208937,44.08791208791209,23
2026-03-24 20:14:20.604486+00:00,EUR/CHF,swing,IB,W,W_IB_1_5_DOWN,long,0.9013200000000001,0.9013200000000001,0.9013200000000001,0.9152699999999999,-139.49999999999795,139.49999999999795,False,True,fresh,0,,,fxcm_m30/d1,H4,H1,Anchor 2026-W13 | range 0.00535,3,2,1,0.0071174377224200325,44.0711743772242,24
2026-03-24 20:14:20.604486+00:00,EUR/CHF,swing,IB,W,W_IB_3_UP,short,0.9307449999999999,0.9307449999999999,0.9307449999999999,0.9152699999999999,154.75000000000017,154.75000000000017,True,False,fresh,0,,,fxcm_m30/d1,H4,H1,Anchor 2026-W13 | range 0.00535,3,2,1,0.006420545746388436,44.064205457463885,25
2026-03-24 20:14:20.604486+00:00,EUR/CHF,swing,IB,W,W_IB_2_DOWN,long,0.8986450000000001,0.8986450000000001,0.8986450000000001,0.9152699999999999,-166.24999999999778,166.24999999999778,False,True,fresh,0,,,fxcm_m30/d1,H4,H1,Anchor 2026-W13 | range 0.00535,3,2,1,0.005979073243647314,44.059790732436475,26
2026-03-24 20:14:20.604486+00:00,EUR/CHF,swing,IB,W,W_IB_3_DOWN,long,0.8932950000000002,0.8932950000000002,0.8932950000000002,0.9152699999999999,-219.74999999999744,219.74999999999744,False,True,fresh,0,,,fxcm_m30/d1,H4,H1,Anchor 2026-W13 | range 0.00535,3,2,1,0.004530011325028365,44.045300113250285,27
2026-03-24 20:14:20.632842+00:00,EUR/CHF,swing,POC,Y,Y_POC,short,0.9346499999999982,0.9282499999999989,0.936649999999998,0.9152699999999999,193.79999999998287,193.79999999998287,True,False,crossed,3,2026-01-14T09:00:00+00:00,2026-01-14T09:00:00+00:00,fxcm_m30,H4,H1,Profile 2025 | close 0.93118,0,3,3,0.005133470225873142,27.051334702258732,28
2026-03-24 20:14:20.604486+00:00,EUR/CHF,swing,POC,M,M_POC,long,0.9131499999999992,0.9107499999999995,0.9163499999999989,0.9152699999999999,-21.200000000006767,21.200000000006767,False,True,crossed,47,2026-03-19T16:00:00+00:00,2026-03-19T16:30:00+00:00,fxcm_m30,H4,H1,Profile 2026-02 | close 0.90884,0,3,2,0.04504504504503131,23.45045045045031,29
2026-03-24 20:14:20.632842+00:00,EUR/CHF,swing,IB,Y,Y_IB_LOW,long,0.90179,0.90179,0.90179,0.9152699999999999,-134.79999999999936,134.79999999999936,False,True,crossed,14,2026-03-06T15:00:00+00:00,2026-03-06T17:00:00+00:00,fxcm_m30/d1,H4,H1,Anchor 2026 | range 0.03321,0,2,3,0.007363770250368223,22.07363770250368,30
2026-03-24 20:14:20.590135+00:00,EUR/CHF,swing,POC,W,W_POC,long,0.9111499999999991,0.9063499999999997,0.9138499999999988,0.9152699999999999,-41.2000000000079,41.2000000000079,False,True,crossed,6,2026-03-23T02:30:00+00:00,2026-03-23T02:30:00+00:00,fxcm_m30,H4,H1,Profile 2026-W12 | close 0.91080,0,3,1,0.02369668246445054,19.236966824644504,31
2026-03-24 20:14:20.604486+00:00,EUR/CHF,swing,IB,M,M_IB_HIGH,long,0.91309,0.91309,0.91309,0.9152699999999999,-21.799999999999596,21.799999999999596,False,True,crossed,48,2026-03-19T16:00:00+00:00,2026-03-19T16:30:00+00:00,fxcm_m30/d1,H4,H1,Anchor 2026-03 | range 0.01129,0,2,2,0.04385964912280779,18.43859649122808,32
2026-03-24 20:14:20.618668+00:00,EUR/CHF,swing,IB,M,M_IB_MID,long,0.907445,0.907445,0.907445,0.9152699999999999,-78.2499999999997,78.2499999999997,False,True,crossed,7,2026-03-18T11:00:00+00:00,2026-03-18T13:30:00+00:00,fxcm_m30/d1,H4,H1,Anchor 2026-03 | range 0.01129,0,2,2,0.012618296529968502,18.126182965299684,33
2026-03-24 20:14:20.618668+00:00,EUR/CHF,swing,IB,M,M_IB_LOW,long,0.9017999999999999,0.9017999999999999,0.9017999999999999,0.9152699999999999,-134.69999999999982,134.69999999999982,False,True,crossed,13,2026-03-06T15:00:00+00:00,2026-03-06T17:00:00+00:00,fxcm_m30/d1,H4,H1,Anchor 2026-03 | range 0.01129,0,2,2,0.007369196757553436,18.073691967575535,34
2026-03-24 20:14:20.590135+00:00,EUR/CHF,swing,IB,W,W_IB_HIGH,long,0.914695,0.914695,0.914695,0.9152699999999999,-5.749999999998812,5.749999999998812,False,True,crossed,1,2026-03-24T13:00:00+00:00,2026-03-24T13:00:00+00:00,fxcm_m30/d1,H4,H1,Anchor 2026-W13 | range 0.00535,0,2,1,0.14814814814817423,15.481481481481742,35
2026-03-24 20:14:20.590135+00:00,EUR/CHF,swing,IB,W,W_IB_MID,long,0.91202,0.91202,0.91202,0.9152699999999999,-32.49999999999864,32.49999999999864,False,True,crossed,4,2026-03-24T08:30:00+00:00,2026-03-24T09:00:00+00:00,fxcm_m30/d1,H4,H1,Anchor 2026-W13 | range 0.00535,0,2,1,0.029850746268657927,14.29850746268658,36
2026-03-24 20:14:17.081199+00:00,EUR/GBP,swing,IB,Y,Y_IB_HIGH,short,0.87893,0.87893,0.87893,0.8656250000000001,133.049999999999,133.049999999999,True,False,fresh,0,,,fxcm_m30/d1,H4,H1,Anchor 2026 | range 0.01771,3,2,3,0.00745990302126078,52.07459903021261,1
2026-03-24 20:14:17.090135+00:00,EUR/GBP,swing,IB,Y,Y_IB_1_DOWN,long,0.84351,0.84351,0.84351,0.8656250000000001,-221.15000000000106,221.15000000000106,False,True,fresh,0,,,fxcm_m30/d1,H4,H1,Anchor 2026 | range 0.01771,3,2,3,0.004501462975467005,52.04501462975467,2
2026-03-24 20:14:17.063093+00:00,EUR/GBP,swing,IB,M,M_IB_1_DOWN,long,0.8581150000000002,0.8581150000000002,0.8581150000000002,0.8656250000000001,-75.09999999999906,75.09999999999906,False,True,fresh,0,,,fxcm_m30/d1,H4,H1,Anchor 2026-03 | range 0.01032,3,2,2,0.013140604467805682,48.13140604467806,10
2026-03-24 20:14:17.053713+00:00,EUR/GBP,swing,IB,M,M_IB_MID,short,0.873595,0.873595,0.873595,0.8656250000000001,79.6999999999992,79.6999999999992,True,False,fresh,0,,,fxcm_m30/d1,H4,H1,Anchor 2026-03 | range 0.01032,3,2,2,0.012391573729863815,48.12391573729864,11
2026-03-24 20:14:17.063093+00:00,EUR/GBP,swing,IB,M,M_IB_1_5_DOWN,long,0.8529550000000002,0.8529550000000002,0.8529550000000002,0.8656250000000001,-126.69999999999847,126.69999999999847,False,True,fresh,0,,,fxcm_m30/d1,H4,H1,Anchor 2026-03 | range 0.01032,3,2,2,0.007830853563038465,48.078308535630384,12
2026-03-24 20:14:17.053713+00:00,EUR/GBP,swing,IB,M,M_IB_HIGH,short,0.878755,0.878755,0.878755,0.8656250000000001,131.29999999999865,131.29999999999865,True,False,fresh,0,,,fxcm_m30/d1,H4,H1,Anchor 2026-03 | range 0.01032,3,2,2,0.007558578987150493,48.0755857898715,13
2026-03-24 20:14:17.072142+00:00,EUR/GBP,swing,IB,M,M_IB_2_DOWN,long,0.8477950000000003,0.8477950000000003,0.8477950000000003,0.8656250000000001,-178.2999999999979,178.2999999999979,False,True,fresh,0,,,fxcm_m30/d1,H4,H1,Anchor 2026-03 | range 0.01032,3,2,2,0.005577244841048587,48.05577244841049,14
2026-03-24 20:14:17.053713+00:00,EUR/GBP,swing,IB,M,M_IB_1_UP,short,0.8890749999999998,0.8890749999999998,0.8890749999999998,0.8656250000000001,234.49999999999747,234.49999999999747,True,False,fresh,0,,,fxcm_m30/d1,H4,H1,Anchor 2026-03 | range 0.01032,3,2,2,0.004246284501061617,48.04246284501062,15
2026-03-24 20:14:17.072142+00:00,EUR/GBP,swing,IB,M,M_IB_3_DOWN,long,0.8374750000000004,0.8374750000000004,0.8374750000000004,0.8656250000000001,-281.49999999999676,281.49999999999676,False,True,fresh,0,,,fxcm_m30/d1,H4,H1,Anchor 2026-03 | range 0.01032,3,2,2,0.0035398230088495982,48.0353982300885,16
2026-03-24 20:14:17.063093+00:00,EUR/GBP,swing,IB,M,M_IB_1_5_UP,short,0.8942349999999998,0.8942349999999998,0.8942349999999998,0.8656250000000001,286.0999999999969,286.0999999999969,True,False,fresh,0,,,fxcm_m30/d1,H4,H1,Anchor 2026-03 | range 0.01032,3,2,2,0.0034831069313828312,48.03483106931383,17
2026-03-24 20:14:17.035093+00:00,EUR/GBP,swing,IB,W,W_IB_HIGH,short,0.8679250000000001,0.8679250000000001,0.8679250000000001,0.8656250000000001,22.999999999999687,22.999999999999687,True,False,fresh,0,,,fxcm_m30/d1,H4,H1,Anchor 2026-W13 | range 0.00485,3,2,1,0.04166666666666721,44.41666666666667,20
2026-03-24 20:14:17.035093+00:00,EUR/GBP,swing,IB,W,W_IB_LOW,long,0.863075,0.863075,0.863075,0.8656250000000001,-25.500000000000522,25.500000000000522,False,True,fresh,0,,,fxcm_m30/d1,H4,H1,Anchor 2026-W13 | range 0.00485,3,2,1,0.03773584905660303,44.37735849056603,21
2026-03-24 20:14:17.035093+00:00,EUR/GBP,swing,IB,W,W_IB_1_UP,short,0.8727750000000001,0.8727750000000001,0.8727750000000001,0.8656250000000001,71.4999999999999,71.4999999999999,True,False,fresh,0,,,fxcm_m30/d1,H4,H1,Anchor 2026-W13 | range 0.00485,3,2,1,0.013793103448275881,44.13793103448276,22
2026-03-24 20:14:17.035093+00:00,EUR/GBP,swing,IB,W,W_IB_1_DOWN,long,0.858225,0.858225,0.858225,0.8656250000000001,-74.00000000000072,74.00000000000072,False,True,fresh,0,,,fxcm_m30/d1,H4,H1,Anchor 2026-W13 | range 0.00485,3,2,1,0.013333333333333204,44.13333333333333,23
2026-03-24 20:14:17.035093+00:00,EUR/GBP,swing,IB,W,W_IB_1_5_UP,short,0.8752000000000001,0.8752000000000001,0.8752000000000001,0.8656250000000001,95.75,95.75,True,False,fresh,0,,,fxcm_m30/d1,H4,H1,Anchor 2026-W13 | range 0.00485,3,2,1,0.0103359173126615,44.10335917312661,24
2026-03-24 20:14:17.044444+00:00,EUR/GBP,swing,IB,W,W_IB_1_5_DOWN,long,0.8558,0.8558,0.8558,0.8656250000000001,-98.25000000000084,98.25000000000084,False,True,fresh,0,,,fxcm_m30/d1,H4,H1,Anchor 2026-W13 | range 0.00485,3,2,1,0.010075566750629638,44.1007556675063,25
2026-03-24 20:14:17.044444+00:00,EUR/GBP,swing,IB,W,W_IB_2_UP,short,0.8776250000000001,0.8776250000000001,0.8776250000000001,0.8656250000000001,120.0000000000001,120.0000000000001,True,False,fresh,0,,,fxcm_m30/d1,H4,H1,Anchor 2026-W13 | range 0.00485,3,2,1,0.008264462809917349,44.082644628099175,26
2026-03-24 20:14:17.044444+00:00,EUR/GBP,swing,IB,W,W_IB_2_DOWN,long,0.853375,0.853375,0.853375,0.8656250000000001,-122.50000000000094,122.50000000000094,False,True,fresh,0,,,fxcm_m30/d1,H4,H1,Anchor 2026-W13 | range 0.00485,3,2,1,0.008097165991902773,44.08097165991903,27
2026-03-24 20:14:17.049547+00:00,EUR/GBP,swing,IB,W,W_IB_3_UP,short,0.8824750000000001,0.8824750000000001,0.8824750000000001,0.8656250000000001,168.5000000000003,168.5000000000003,True,False,fresh,0,,,fxcm_m30/d1,H4,H1,Anchor 2026-W13 | range 0.00485,3,2,1,0.005899705014749252,44.05899705014749,28
2026-03-24 20:14:17.049547+00:00,EUR/GBP,swing,IB,W,W_IB_3_DOWN,long,0.848525,0.848525,0.848525,0.8656250000000001,-171.00000000000114,171.00000000000114,False,True,fresh,0,,,fxcm_m30/d1,H4,H1,Anchor 2026-W13 | range 0.00485,3,2,1,0.005813953488372055,44.05813953488372,29
2026-03-24 20:14:17.081199+00:00,EUR/GBP,swing,IB,Y,Y_IB_LOW,long,0.86122,0.86122,0.86122,0.8656250000000001,-44.05000000000103,44.05000000000103,False,True,tested,1,2026-03-19T15:00:00+00:00,,fxcm_m30/d1,H4,H1,Anchor 2026 | range 0.01771,1,2,3,0.022197558268589948,32.2219755826859,30
2026-03-24 20:14:17.072142+00:00,EUR/GBP,swing,POC,Y,Y_POC,short,0.8729499999999986,0.8633499999999996,0.8756499999999983,0.8656250000000001,73.24999999998471,73.24999999998471,True,False,crossed,69,2026-01-20T12:30:00+00:00,2026-01-21T10:00:00+00:00,fxcm_m30,H4,H1,Profile 2025 | close 0.87240,0,3,3,0.013468013468016241,27.134680134680163,31
2026-03-24 20:14:17.053713+00:00,EUR/GBP,swing,POC,M,M_POC,short,0.8715499999999989,0.8687499999999992,0.8749499999999986,0.8656250000000001,59.249999999988475,59.249999999988475,True,False,crossed,6,2026-03-02T22:00:00+00:00,2026-03-03T12:00:00+00:00,fxcm_m30,H4,H1,Profile 2026-02 | close 0.87613,0,3,2,0.016597510373447158,23.16597510373447,32
2026-03-24 20:14:17.086130+00:00,EUR/GBP,swing,IB,Y,Y_IB_MID,short,0.8700749999999999,0.8700749999999999,0.8700749999999999,0.8656250000000001,44.49999999999843,44.49999999999843,True,False,crossed,42,2026-03-03T14:00:00+00:00,2026-03-03T15:30:00+00:00,fxcm_m30/d1,H4,H1,Anchor 2026 | range 0.01771,0,2,3,0.021978021978022736,22.219780219780226,33
2026-03-24 20:14:17.026078+00:00,EUR/GBP,swing,POC,W,W_POC,long,0.8638499999999998,0.8627499999999999,0.8645499999999997,0.8656250000000001,-17.75000000000304,17.75000000000304,False,True,crossed,6,2026-03-23T11:00:00+00:00,2026-03-23T14:00:00+00:00,fxcm_m30,H4,H1,Profile 2026-W12 | close 0.86708,0,3,1,0.053333333333324684,19.533333333333246,34
2026-03-24 20:14:17.035093+00:00,EUR/GBP,swing,IB,W,W_IB_MID,long,0.8655,0.8655,0.8655,0.8656250000000001,-1.2500000000004174,1.2500000000004174,False,True,crossed,13,2026-03-24T09:00:00+00:00,2026-03-24T13:00:00+00:00,fxcm_m30/d1,H4,H1,Anchor 2026-W13 | range 0.00485,0,2,1,0.444444444444362,18.44444444444362,35
2026-03-24 20:14:17.053713+00:00,EUR/GBP,swing,IB,M,M_IB_LOW,short,0.8684350000000001,0.8684350000000001,0.8684350000000001,0.8656250000000001,28.099999999999792,28.099999999999792,True,False,crossed,6,2026-03-06T08:00:00+00:00,2026-03-06T08:00:00+00:00,fxcm_m30/d1,H4,H1,Anchor 2026-03 | range 0.01032,0,2,2,0.034364261168385125,18.34364261168385,36
2026-03-24 20:14:18.408809+00:00,EUR/JPY,swing,IB,Y,Y_IB_HIGH,short,186.875,186.875,186.875,184.209,266.5999999999997,266.5999999999997,True,False,fresh,0,,,fxcm_m30/d1,H4,H1,Anchor 2026 | range 6.06950,3,2,3,0.0037369207772795262,52.0373692077728,2
2026-03-24 20:14:18.410811+00:00,EUR/JPY,swing,IB,Y,Y_IB_LOW,long,180.8055,180.8055,180.8055,184.209,-340.3500000000008,340.3500000000008,False,True,fresh,0,,,fxcm_m30/d1,H4,H1,Anchor 2026 | range 6.06950,3,2,3,0.0029295444558371103,52.02929544455837,3
2026-03-24 20:14:18.388787+00:00,EUR/JPY,swing,IB,M,M_IB_HIGH,short,184.69400000000002,184.69400000000002,184.69400000000002,184.209,48.500000000001364,48.500000000001364,True,False,fresh,0,,,fxcm_m30/d1,H4,H1,Anchor 2026-03 | range 2.66350,3,2,2,0.020202020202019645,48.20202020202019,12
2026-03-24 20:14:18.394793+00:00,EUR/JPY,swing,IB,M,M_IB_1_UP,short,187.35750000000002,187.35750000000002,187.35750000000002,184.209,314.8500000000013,314.8500000000013,True,False,fresh,0,,,fxcm_m30/d1,H4,H1,Anchor 2026-03 | range 2.66350,3,2,2,0.0031660598385309354,48.03166059838531,13
2026-03-24 20:14:18.398798+00:00,EUR/JPY,swing,IB,M,M_IB_1_5_UP,short,188.68925000000002,188.68925000000002,188.68925000000002,184.209,448.0250000000012,448.0250000000012,True,False,fresh,0,,,fxcm_m30/d1,H4,H1,Anchor 2026-03 | range 2.66350,3,2,2,0.002227047491787756,48.022270474917875,14
2026-03-24 20:14:18.396796+00:00,EUR/JPY,swing,IB,M,M_IB_1_DOWN,long,179.36700000000002,179.36700000000002,179.36700000000002,184.209,-484.19999999999845,484.19999999999845,False,True,fresh,0,,,fxcm_m30/d1,H4,H1,Anchor 2026-03 | range 2.66350,3,2,2,0.0020610057708161647,48.02061005770816,15
2026-03-24 20:14:18.400801+00:00,EUR/JPY,swing,IB,M,M_IB_2_UP,short,190.02100000000002,190.02100000000002,190.02100000000002,184.209,581.2000000000012,581.2000000000012,True,False,fresh,0,,,fxcm_m30/d1,H4,H1,Anchor 2026-03 | range 2.66350,3,2,2,0.0017176228100309137,48.01717622810031,16
2026-03-24 20:14:18.400801+00:00,EUR/JPY,swing,IB,M,M_IB_1_5_DOWN,long,178.03525000000002,178.03525000000002,178.03525000000002,184.209,-617.3749999999984,617.3749999999984,False,True,fresh,0,,,fxcm_m30/d1,H4,H1,Anchor 2026-03 | range 2.66350,3,2,2,0.0016171417020416456,48.016171417020416,17
2026-03-24 20:14:18.402803+00:00,EUR/JPY,swing,IB,M,M_IB_2_DOWN,long,176.70350000000002,176.70350000000002,176.70350000000002,184.209,-750.5499999999984,750.5499999999984,False,True,fresh,0,,,fxcm_m30/d1,H4,H1,Anchor 2026-03 | range 2.66350,3,2,2,0.0013305834608475845,48.013305834608474,18
2026-03-24 20:14:18.370767+00:00,EUR/JPY,swing,IB,W,W_IB_HIGH,short,184.3415,184.3415,184.3415,184.209,13.249999999999318,13.249999999999318,True,False,fresh,0,,,fxcm_m30/d1,H4,H1,Anchor 2026-W13 | range 1.16200,3,2,1,0.07017543859649458,44.701754385964946,21
2026-03-24 20:14:18.372769+00:00,EUR/JPY,swing,IB,W,W_IB_LOW,long,183.17950000000002,183.17950000000002,183.17950000000002,184.209,-102.94999999999845,102.94999999999845,False,True,fresh,0,,,fxcm_m30/d1,H4,H1,Anchor 2026-W13 | range 1.16200,3,2,1,0.009620009620009763,44.0962000962001,22
2026-03-24 20:14:18.374771+00:00,EUR/JPY,swing,IB,W,W_IB_1_UP,short,185.50349999999997,185.50349999999997,185.50349999999997,184.209,129.4499999999971,129.4499999999971,True,False,fresh,0,,,fxcm_m30/d1,H4,H1,Anchor 2026-W13 | range 1.16200,3,2,1,0.007665772326562072,44.07665772326562,23
2026-03-24 20:14:18.378776+00:00,EUR/JPY,swing,IB,W,W_IB_1_5_UP,short,186.08449999999996,186.08449999999996,186.08449999999996,184.209,187.54999999999598,187.54999999999598,True,False,fresh,0,,,fxcm_m30/d1,H4,H1,Anchor 2026-W13 | range 1.16200,3,2,1,0.005303632988597302,44.05303632988597,24
2026-03-24 20:14:18.376773+00:00,EUR/JPY,swing,IB,W,W_IB_1_DOWN,long,182.01750000000004,182.01750000000004,182.01750000000004,184.209,-219.14999999999623,219.14999999999623,False,True,fresh,0,,,fxcm_m30/d1,H4,H1,Anchor 2026-W13 | range 1.16200,3,2,1,0.004542357483534032,44.04542357483534,25
2026-03-24 20:14:18.380778+00:00,EUR/JPY,swing,IB,W,W_IB_2_UP,short,186.66549999999995,186.66549999999995,186.66549999999995,184.209,245.64999999999486,245.64999999999486,True,False,fresh,0,,,fxcm_m30/d1,H4,H1,Anchor 2026-W13 | range 1.16200,3,2,1,0.004054327995134891,44.04054327995135,26
2026-03-24 20:14:18.380778+00:00,EUR/JPY,swing,IB,W,W_IB_1_5_DOWN,long,181.43650000000005,181.43650000000005,181.43650000000005,184.209,-277.2499999999951,277.2499999999951,False,True,fresh,0,,,fxcm_m30/d1,H4,H1,Anchor 2026-W13 | range 1.16200,3,2,1,0.0035938903863432796,44.03593890386343,27
2026-03-24 20:14:18.382780+00:00,EUR/JPY,swing,IB,W,W_IB_2_DOWN,long,180.85550000000006,180.85550000000006,180.85550000000006,184.209,-335.349999999994,335.349999999994,False,True,fresh,0,,,fxcm_m30/d1,H4,H1,Anchor 2026-W13 | range 1.16200,3,2,1,0.0029730935037907474,44.02973093503791,28
2026-03-24 20:14:18.384782+00:00,EUR/JPY,swing,IB,W,W_IB_3_UP,short,187.82749999999993,187.82749999999993,187.82749999999993,184.209,361.84999999999263,361.84999999999263,True,False,fresh,0,,,fxcm_m30/d1,H4,H1,Anchor 2026-W13 | range 1.16200,3,2,1,0.002755959762987516,44.027559597629875,29
2026-03-24 20:14:18.386785+00:00,EUR/JPY,swing,IB,W,W_IB_3_DOWN,long,179.69350000000009,179.69350000000009,179.69350000000009,184.209,-451.54999999999177,451.54999999999177,False,True,fresh,0,,,fxcm_m30/d1,H4,H1,Anchor 2026-W13 | range 1.16200,3,2,1,0.0022097005855706954,44.022097005855706,30
2026-03-24 20:14:18.388787+00:00,EUR/JPY,swing,POC,M,M_POC,long,183.60950000001338,182.48250000000803,185.94350000002453,184.209,-59.94999999866195,59.94999999866195,False,True,crossed,62,2026-03-01T18:00:00+00:00,2026-03-01T19:30:00+00:00,fxcm_m30,H4,H1,Profile 2026-02 | close 184.44850,0,3,2,0.016406890894535738,23.164068908945357,31
2026-03-24 20:14:18.412814+00:00,EUR/JPY,swing,IB,Y,Y_IB_MID,long,183.84025,183.84025,183.84025,184.209,-36.87500000000057,36.87500000000057,False,True,crossed,68,2026-03-01T18:00:00+00:00,2026-03-01T22:00:00+00:00,fxcm_m30/d1,H4,H1,Anchor 2026 | range 6.06950,0,2,3,0.026402640264026007,22.26402640264026,32
2026-03-24 20:14:18.368764+00:00,EUR/JPY,swing,POC,W,W_POC,long,183.49050000000773,182.59450000000345,183.72350000000887,184.209,-71.84999999922752,71.84999999922752,False,True,crossed,2,2026-03-23T09:30:00+00:00,2026-03-23T09:30:00+00:00,fxcm_m30,H4,H1,Profile 2026-W12 | close 184.01000,0,3,1,0.013726835964455782,19.13726835964456,33
2026-03-24 20:14:18.392791+00:00,EUR/JPY,swing,IB,M,M_IB_MID,long,183.36225000000002,183.36225000000002,183.36225000000002,184.209,-84.67499999999859,84.67499999999859,False,True,crossed,64,2026-03-06T21:00:00+00:00,2026-03-09T18:00:00+00:00,fxcm_m30/d1,H4,H1,Anchor 2026-03 | range 2.66350,0,2,2,0.01167201634082307,18.11672016340823,34
2026-03-24 20:14:18.390789+00:00,EUR/JPY,swing,IB,M,M_IB_LOW,long,182.03050000000002,182.03050000000002,182.03050000000002,184.209,-217.84999999999854,217.84999999999854,False,True,crossed,4,2026-03-16T06:00:00+00:00,2026-03-16T07:30:00+00:00,fxcm_m30/d1,H4,H1,Anchor 2026-03 | range 2.66350,0,2,2,0.004569339730408986,18.04569339730409,35
2026-03-24 20:14:18.372769+00:00,EUR/JPY,swing,IB,W,W_IB_MID,long,183.7605,183.7605,183.7605,184.209,-44.84999999999957,44.84999999999957,False,True,crossed,11,2026-03-24T00:30:00+00:00,2026-03-24T01:00:00+00:00,fxcm_m30/d1,H4,H1,Anchor 2026-W13 | range 1.16200,0,2,1,0.02181025081788461,14.218102508178847,36
2026-03-24 20:14:08.873713+00:00,EUR/USD,swing,IB,Y,Y_IB_MID,short,1.1827025,1.1827025,1.1827025,1.158425,242.7749999999995,242.7749999999995,True,False,fresh,0,,,fxcm_m30/d1,H4,H1,Anchor 2026 | range 0.05124,3,2,3,0.004102143369910787,52.04102143369911,1
2026-03-24 20:14:08.846339+00:00,EUR/USD,swing,IB,M,M_IB_MID,short,1.16743,1.16743,1.16743,1.158425,90.04999999999929,90.04999999999929,True,False,fresh,0,,,fxcm_m30/d1,H4,H1,Anchor 2026-03 | range 0.02880,3,2,2,0.010982976386600856,48.10982976386601,11
2026-03-24 20:14:08.846339+00:00,EUR/USD,swing,IB,M,M_IB_HIGH,short,1.18183,1.18183,1.18183,1.158425,234.04999999999896,234.04999999999896,True,False,fresh,0,,,fxcm_m30/d1,H4,H1,Anchor 2026-03 | range 0.02880,3,2,2,0.00425441395447779,48.04254413954478,12
2026-03-24 20:14:08.818994+00:00,EUR/USD,swing,IB,W,W_IB_HIGH,short,1.1639849999999998,1.1639849999999998,1.1639849999999998,1.158425,55.59999999999787,55.59999999999787,True,False,fresh,0,,,fxcm_m30/d1,H4,H1,Anchor 2026-W13 | range 0.01553,3,2,1,0.01766784452296886,44.17667844522969,21
2026-03-24 20:14:08.818994+00:00,EUR/USD,swing,IB,W,W_IB_LOW,long,1.14845,1.14845,1.14845,1.158425,-99.75000000000067,99.75000000000067,False,True,fresh,0,,,fxcm_m30/d1,H4,H1,Anchor 2026-W13 | range 0.01553,3,2,1,0.009925558312655021,44.09925558312655,22
2026-03-24 20:14:08.828067+00:00,EUR/USD,swing,IB,W,W_IB_1_UP,short,1.1795199999999997,1.1795199999999997,1.1795199999999997,1.158425,210.9499999999964,210.9499999999964,True,False,fresh,0,,,fxcm_m30/d1,H4,H1,Anchor 2026-W13 | range 0.01553,3,2,1,0.0047180938900684925,44.04718093890069,23
2026-03-24 20:14:08.828067+00:00,EUR/USD,swing,IB,W,W_IB_1_DOWN,long,1.1329150000000001,1.1329150000000001,1.1329150000000001,1.158425,-255.0999999999992,255.0999999999992,False,True,fresh,0,,,fxcm_m30/d1,H4,H1,Anchor 2026-W13 | range 0.01553,3,2,1,0.0039047247169074696,44.03904724716907,24
2026-03-24 20:14:08.828067+00:00,EUR/USD,swing,IB,W,W_IB_1_5_UP,short,1.1872874999999996,1.1872874999999996,1.1872874999999996,1.158425,288.6249999999957,288.6249999999957,True,False,fresh,0,,,fxcm_m30/d1,H4,H1,Anchor 2026-W13 | range 0.01553,3,2,1,0.0034527406128615104,44.03452740612862,25
2026-03-24 20:14:08.846339+00:00,EUR/USD,swing,POC,M,M_POC,short,1.1803499999999993,1.1759499999999998,1.1855499999999988,1.158425,219.24999999999307,219.24999999999307,True,False,tested,1,2026-03-01T18:00:00+00:00,,fxcm_m30,H4,H1,Profile 2026-02 | close 1.18183,1,3,2,0.00454029511918289,33.04540295119183,31
2026-03-24 20:14:08.873713+00:00,EUR/USD,swing,POC,Y,Y_POC,short,1.1656499999999972,1.156349999999998,1.1740499999999963,1.158425,72.24999999997151,72.24999999997151,True,False,crossed,47,2026-01-08T14:00:00+00:00,2026-01-08T16:30:00+00:00,fxcm_m30,H4,H1,Profile 2025 | close 1.17387,0,3,3,0.013651877133111112,27.13651877133111,32
2026-03-24 20:14:08.818994+00:00,EUR/USD,swing,IB,W,W_IB_MID,long,1.1562175,1.1562175,1.1562175,1.158425,-22.0750000000014,22.0750000000014,False,True,tested,1,2026-03-24T17:00:00+00:00,,fxcm_m30/d1,H4,H1,Anchor 2026-W13 | range 0.01553,1,2,1,0.04333694474539282,24.433369447453927,33
2026-03-24 20:14:08.873713+00:00,EUR/USD,swing,IB,Y,Y_IB_LOW,long,1.157085,1.157085,1.157085,1.158425,-13.400000000001189,13.400000000001189,False,True,crossed,60,2026-03-03T14:00:00+00:00,2026-03-03T14:30:00+00:00,fxcm_m30/d1,H4,H1,Anchor 2026 | range 0.05124,0,2,3,0.06944444444443872,22.694444444444386,34
2026-03-24 20:14:08.818994+00:00,EUR/USD,swing,POC,W,W_POC,long,1.1538499999999985,1.1465499999999995,1.1554499999999983,1.158425,-45.7500000000155,45.7500000000155,False,True,crossed,5,2026-03-23T05:30:00+00:00,2026-03-23T05:30:00+00:00,fxcm_m30,H4,H1,Profile 2026-W12 | close 1.15620,0,3,1,0.021390374331543713,19.213903743315438,35
2026-03-24 20:14:08.846339+00:00,EUR/USD,swing,IB,M,M_IB_LOW,long,1.15303,1.15303,1.15303,1.158425,-53.95000000000039,53.95000000000039,False,True,crossed,41,2026-03-08T22:00:00+00:00,2026-03-08T23:30:00+00:00,fxcm_m30/d1,H4,H1,Anchor 2026-03 | range 0.02880,0,2,2,0.018198362147406607,18.181983621474068,36
2026-03-24 20:14:21.714907+00:00,GBP/CHF,swing,IB,Y,Y_IB_HIGH,short,1.079845,1.079845,1.079845,1.05731,225.3499999999997,225.3499999999997,True,False,fresh,0,,,fxcm_m30/d1,H4,H1,Anchor 2026 | range 0.05071,3,2,3,0.004417936823503429,52.044179368235035,1
2026-03-24 20:14:21.672448+00:00,GBP/CHF,swing,POC,W,W_POC,long,1.0486499999999999,1.04595,1.0538499999999993,1.05731,-86.60000000000112,86.60000000000112,False,True,fresh,0,,,fxcm_m30,H4,H1,Profile 2026-W12 | close 1.05045,3,3,1,0.011415525114155105,49.114155251141554,10
2026-03-24 20:14:21.686589+00:00,GBP/CHF,swing,IB,M,M_IB_1_UP,short,1.0659,1.0659,1.0659,1.05731,85.90000000000097,85.90000000000097,True,False,fresh,0,,,fxcm_m30/d1,H4,H1,Anchor 2026-03 | range 0.01865,3,2,2,0.011507479861910114,48.1150747986191,11
2026-03-24 20:14:21.700840+00:00,GBP/CHF,swing,IB,M,M_IB_1_5_UP,short,1.075225,1.075225,1.075225,1.05731,179.15000000000126,179.15000000000126,True,False,fresh,0,,,fxcm_m30/d1,H4,H1,Anchor 2026-03 | range 0.01865,3,2,2,0.005550929780738235,48.05550929780738,12
2026-03-24 20:14:21.700840+00:00,GBP/CHF,swing,IB,M,M_IB_2_UP,short,1.0845500000000001,1.0845500000000001,1.0845500000000001,1.05731,272.4000000000015,272.4000000000015,True,False,fresh,0,,,fxcm_m30/d1,H4,H1,Anchor 2026-03 | range 0.01865,3,2,2,0.0036576444769568194,48.036576444769565,13
2026-03-24 20:14:21.686589+00:00,GBP/CHF,swing,IB,M,M_IB_LOW,long,1.0286,1.0286,1.0286,1.05731,-287.10000000000014,287.10000000000014,False,True,fresh,0,,,fxcm_m30/d1,H4,H1,Anchor 2026-03 | range 0.01865,3,2,2,0.0034710170079833374,48.03471017007983,14
2026-03-24 20:14:21.672448+00:00,GBP/CHF,swing,IB,W,W_IB_LOW,long,1.0487000000000002,1.0487000000000002,1.0487000000000002,1.05731,-86.09999999999783,86.09999999999783,False,True,fresh,0,,,fxcm_m30/d1,H4,H1,Anchor 2026-W13 | range 0.00942,3,2,1,0.011481056257175945,44.11481056257176,20
2026-03-24 20:14:21.672448+00:00,GBP/CHF,swing,IB,W,W_IB_1_UP,short,1.0675399999999997,1.0675399999999997,1.0675399999999997,1.05731,102.29999999999738,102.29999999999738,True,False,fresh,0,,,fxcm_m30/d1,H4,H1,Anchor 2026-W13 | range 0.00942,3,2,1,0.009680542110358426,44.09680542110358,21
2026-03-24 20:14:21.672448+00:00,GBP/CHF,swing,IB,W,W_IB_1_5_UP,short,1.0722499999999995,1.0722499999999995,1.0722499999999995,1.05731,149.3999999999951,149.3999999999951,True,False,fresh,0,,,fxcm_m30/d1,H4,H1,Anchor 2026-W13 | range 0.00942,3,2,1,0.006648936170212983,44.06648936170213,22
2026-03-24 20:14:21.672448+00:00,GBP/CHF,swing,IB,W,W_IB_1_DOWN,long,1.0392800000000004,1.0392800000000004,1.0392800000000004,1.05731,-180.29999999999546,180.29999999999546,False,True,fresh,0,,,fxcm_m30/d1,H4,H1,Anchor 2026-W13 | range 0.00942,3,2,1,0.005515719801434225,44.05515719801434,23
2026-03-24 20:14:21.686589+00:00,GBP/CHF,swing,IB,W,W_IB_2_UP,short,1.0769599999999995,1.0769599999999995,1.0769599999999995,1.05731,196.499999999995,196.499999999995,True,False,fresh,0,,,fxcm_m30/d1,H4,H1,Anchor 2026-W13 | range 0.00942,3,2,1,0.005063291139240635,44.050632911392405,24
2026-03-24 20:14:21.672448+00:00,GBP/CHF,swing,IB,W,W_IB_1_5_DOWN,long,1.0345700000000004,1.0345700000000004,1.0345700000000004,1.05731,-227.39999999999537,227.39999999999537,False,True,fresh,0,,,fxcm_m30/d1,H4,H1,Anchor 2026-W13 | range 0.00942,3,2,1,0.004378283712784677,44.04378283712785,25
2026-03-24 20:14:21.686589+00:00,GBP/CHF,swing,IB,W,W_IB_2_DOWN,long,1.0298600000000007,1.0298600000000007,1.0298600000000007,1.05731,-274.49999999999307,274.49999999999307,False,True,fresh,0,,,fxcm_m30/d1,H4,H1,Anchor 2026-W13 | range 0.00942,3,2,1,0.0036297640653358445,44.03629764065336,26
2026-03-24 20:14:21.686589+00:00,GBP/CHF,swing,IB,W,W_IB_3_UP,short,1.0863799999999992,1.0863799999999992,1.0863799999999992,1.05731,290.6999999999926,290.6999999999926,True,False,fresh,0,,,fxcm_m30/d1,H4,H1,Anchor 2026-W13 | range 0.00942,3,2,1,0.0034281796366130456,44.03428179636613,27
2026-03-24 20:14:21.714907+00:00,GBP/CHF,swing,IB,Y,Y_IB_LOW,long,1.02913,1.02913,1.02913,1.05731,-281.7999999999987,281.7999999999987,False,True,tested,2,2026-03-01T22:00:00+00:00,,fxcm_m30/d1,H4,H1,Anchor 2026 | range 0.05071,1,2,3,0.0035360678925035523,32.03536067892504,29
2026-03-24 20:14:21.686589+00:00,GBP/CHF,swing,IB,M,M_IB_MID,long,1.037925,1.037925,1.037925,1.05731,-193.84999999999985,193.84999999999985,False,True,tested,2,2026-03-09T08:00:00+00:00,,fxcm_m30/d1,H4,H1,Anchor 2026-03 | range 0.01865,1,2,2,0.005132152938157561,28.051321529381575,30
2026-03-24 20:14:21.700840+00:00,GBP/CHF,swing,POC,Y,Y_POC,short,1.0742499999999957,1.0589499999999976,1.0803499999999953,1.05731,169.39999999995734,169.39999999995734,True,False,crossed,111,2026-01-06T16:00:00+00:00,2026-01-06T21:00:00+00:00,fxcm_m30,H4,H1,Profile 2025 | close 1.06733,0,3,3,0.005868544600940436,27.058685446009406,31
2026-03-24 20:14:21.672448+00:00,GBP/CHF,swing,IB,W,W_IB_MID,long,1.05341,1.05341,1.05341,1.05731,-39.00000000000014,39.00000000000014,False,True,tested,1,2026-03-24T09:30:00+00:00,,fxcm_m30/d1,H4,H1,Anchor 2026-W13 | range 0.00942,1,2,1,0.02499999999999991,24.25,32
2026-03-24 20:14:21.686589+00:00,GBP/CHF,swing,POC,M,M_POC,long,1.0467499999999985,1.042349999999999,1.0547499999999976,1.05731,-105.60000000001456,105.60000000001456,False,True,crossed,37,2026-03-04T09:30:00+00:00,2026-03-12T07:30:00+00:00,fxcm_m30,H4,H1,Profile 2026-02 | close 1.03742,0,3,2,0.009380863039398344,23.093808630393983,33
2026-03-24 20:14:21.714907+00:00,GBP/CHF,swing,IB,Y,Y_IB_MID,long,1.0544875,1.0544875,1.0544875,1.05731,-28.2249999999995,28.2249999999995,False,True,crossed,19,2026-03-18T17:30:00+00:00,2026-03-19T10:00:00+00:00,fxcm_m30/d1,H4,H1,Anchor 2026 | range 0.05071,0,2,3,0.034217279726262345,22.342172797262624,34
2026-03-24 20:14:21.686589+00:00,GBP/CHF,swing,IB,M,M_IB_HIGH,long,1.04725,1.04725,1.04725,1.05731,-100.59999999999957,100.59999999999957,False,True,crossed,26,2026-03-11T20:30:00+00:00,2026-03-12T16:00:00+00:00,fxcm_m30/d1,H4,H1,Anchor 2026-03 | range 0.01865,0,2,2,0.009842519685039412,18.098425196850393,35
2026-03-24 20:14:21.672448+00:00,GBP/CHF,swing,IB,W,W_IB_HIGH,short,1.05812,1.05812,1.05812,1.05731,8.099999999999774,8.099999999999774,True,False,crossed,6,2026-03-24T13:30:00+00:00,2026-03-24T14:00:00+00:00,fxcm_m30/d1,H4,H1,Anchor 2026-W13 | range 0.00942,0,2,1,0.10989010989011262,15.098901098901127,36
2026-03-24 20:14:19.648231+00:00,GBP/JPY,swing,POC,M,M_POC,long,208.6345000000067,207.2725000000002,212.18650000002367,212.803,-416.8499999993287,416.8499999993287,False,True,fresh,0,,,fxcm_m30,H4,H1,Profile 2026-02 | close 210.43400,3,3,2,0.0023932033026244025,53.02393203302624,2
2026-03-24 20:14:19.662349+00:00,GBP/JPY,swing,IB,Y,Y_IB_HIGH,short,215.01350000000002,215.01350000000002,215.01350000000002,212.803,221.05000000000246,221.05000000000246,True,False,fresh,0,,,fxcm_m30/d1,H4,H1,Anchor 2026 | range 7.78050,3,2,3,0.004503490204908755,52.04503490204909,3
2026-03-24 20:14:19.662349+00:00,GBP/JPY,swing,IB,Y,Y_IB_LOW,long,207.233,207.233,207.233,212.803,-556.9999999999993,556.9999999999993,False,True,fresh,0,,,fxcm_m30/d1,H4,H1,Anchor 2026 | range 7.78050,3,2,3,0.001792114695340504,52.017921146953405,4
2026-03-24 20:14:19.652787+00:00,GBP/JPY,swing,IB,M,M_IB_1_UP,short,213.594,213.594,213.594,212.803,79.09999999999968,79.09999999999968,True,False,fresh,0,,,fxcm_m30/d1,H4,H1,Anchor 2026-03 | range 2.20550,3,2,2,0.012484394506866467,48.12484394506866,13
2026-03-24 20:14:19.652787+00:00,GBP/JPY,swing,IB,M,M_IB_1_5_UP,short,214.69675,214.69675,214.69675,212.803,189.37500000000114,189.37500000000114,True,False,fresh,0,,,fxcm_m30/d1,H4,H1,Anchor 2026-03 | range 2.20550,3,2,2,0.005252790544976987,48.05252790544977,14
2026-03-24 20:14:19.662349+00:00,GBP/JPY,swing,IB,M,M_IB_2_UP,short,215.7995,215.7995,215.7995,212.803,299.64999999999975,299.64999999999975,True,False,fresh,0,,,fxcm_m30/d1,H4,H1,Anchor 2026-03 | range 2.20550,3,2,2,0.0033261267254282418,48.03326126725428,15
2026-03-24 20:14:19.652787+00:00,GBP/JPY,swing,IB,M,M_IB_LOW,long,209.183,209.183,209.183,212.803,-362.00000000000045,362.00000000000045,False,True,fresh,0,,,fxcm_m30/d1,H4,H1,Anchor 2026-03 | range 2.20550,3,2,2,0.002754820936639115,48.027548209366394,16
2026-03-24 20:14:19.662349+00:00,GBP/JPY,swing,IB,M,M_IB_3_UP,short,218.005,218.005,218.005,212.803,520.1999999999998,520.1999999999998,True,False,fresh,0,,,fxcm_m30/d1,H4,H1,Anchor 2026-03 | range 2.20550,3,2,2,0.0019186492709132776,48.01918649270913,17
2026-03-24 20:14:19.652787+00:00,GBP/JPY,swing,IB,M,M_IB_1_DOWN,long,206.9775,206.9775,206.9775,212.803,-582.5500000000005,582.5500000000005,False,True,fresh,0,,,fxcm_m30/d1,H4,H1,Anchor 2026-03 | range 2.20550,3,2,2,0.0017136492160054822,48.017136492160056,18
2026-03-24 20:14:19.662349+00:00,GBP/JPY,swing,IB,M,M_IB_1_5_DOWN,long,205.87475,205.87475,205.87475,212.803,-692.8249999999991,692.8249999999991,False,True,fresh,0,,,fxcm_m30/d1,H4,H1,Anchor 2026-03 | range 2.20550,3,2,2,0.0014412856267790887,48.01441285626779,19
2026-03-24 20:14:19.623001+00:00,GBP/JPY,swing,IB,W,W_IB_HIGH,short,213.3125,213.3125,213.3125,212.803,50.95000000000027,50.95000000000027,True,False,fresh,0,,,fxcm_m30/d1,H4,H1,Anchor 2026-W13 | range 1.72950,3,2,1,0.019249278152069196,44.19249278152069,22
2026-03-24 20:14:19.634172+00:00,GBP/JPY,swing,IB,W,W_IB_LOW,long,211.583,211.583,211.583,212.803,-121.99999999999989,121.99999999999989,False,True,fresh,0,,,fxcm_m30/d1,H4,H1,Anchor 2026-W13 | range 1.72950,3,2,1,0.008130081300813016,44.08130081300813,23
2026-03-24 20:14:19.634172+00:00,GBP/JPY,swing,IB,W,W_IB_1_UP,short,215.042,215.042,215.042,212.803,223.90000000000043,223.90000000000043,True,False,fresh,0,,,fxcm_m30/d1,H4,H1,Anchor 2026-W13 | range 1.72950,3,2,1,0.004446420631391721,44.04446420631392,24
2026-03-24 20:14:19.634172+00:00,GBP/JPY,swing,IB,W,W_IB_1_DOWN,long,209.8535,209.8535,209.8535,212.803,-294.95000000000005,294.95000000000005,False,True,fresh,0,,,fxcm_m30/d1,H4,H1,Anchor 2026-W13 | range 1.72950,3,2,1,0.00337894914681534,44.033789491468156,25
2026-03-24 20:14:19.634172+00:00,GBP/JPY,swing,IB,W,W_IB_1_5_UP,short,215.90675,215.90675,215.90675,212.803,310.3749999999991,310.3749999999991,True,False,fresh,0,,,fxcm_m30/d1,H4,H1,Anchor 2026-W13 | range 1.72950,3,2,1,0.0032115616218386283,44.032115616218384,26
2026-03-24 20:14:19.634172+00:00,GBP/JPY,swing,IB,W,W_IB_1_5_DOWN,long,208.98874999999998,208.98874999999998,208.98874999999998,212.803,-381.42500000000155,381.42500000000155,False,True,fresh,0,,,fxcm_m30/d1,H4,H1,Anchor 2026-W13 | range 1.72950,3,2,1,0.002614891808851398,44.026148918088516,27
2026-03-24 20:14:19.634172+00:00,GBP/JPY,swing,IB,W,W_IB_2_UP,short,216.7715,216.7715,216.7715,212.803,396.8500000000006,396.8500000000006,True,False,fresh,0,,,fxcm_m30/d1,H4,H1,Anchor 2026-W13 | range 1.72950,3,2,1,0.002513510116878217,44.02513510116878,28
2026-03-24 20:14:19.634172+00:00,GBP/JPY,swing,IB,W,W_IB_2_DOWN,long,208.124,208.124,208.124,212.803,-467.9000000000002,467.9000000000002,False,True,fresh,0,,,fxcm_m30/d1,H4,H1,Anchor 2026-W13 | range 1.72950,3,2,1,0.0021326508850501164,44.0213265088505,29
2026-03-24 20:14:19.648231+00:00,GBP/JPY,swing,IB,W,W_IB_3_UP,short,218.501,218.501,218.501,212.803,569.8000000000008,569.8000000000008,True,False,fresh,0,,,fxcm_m30/d1,H4,H1,Anchor 2026-W13 | range 1.72950,3,2,1,0.0017519271198318128,44.01751927119832,30
2026-03-24 20:14:19.648231+00:00,GBP/JPY,swing,IB,W,W_IB_3_DOWN,long,206.3945,206.3945,206.3945,212.803,-640.8500000000004,640.8500000000004,False,True,fresh,0,,,fxcm_m30/d1,H4,H1,Anchor 2026-W13 | range 1.72950,3,2,1,0.0015579964166082408,44.01557996416608,31
2026-03-24 20:14:19.652787+00:00,GBP/JPY,swing,IB,M,M_IB_MID,long,210.28575,210.28575,210.28575,212.803,-251.724999999999,251.724999999999,False,True,tested,2,2026-03-06T00:00:00+00:00,,fxcm_m30/d1,H4,H1,Anchor 2026-03 | range 2.20550,1,2,2,0.003956870115738467,28.039568701157386,32
2026-03-24 20:14:19.662349+00:00,GBP/JPY,swing,IB,Y,Y_IB_MID,long,211.12325,211.12325,211.12325,212.803,-167.97499999999843,167.97499999999843,False,True,crossed,33,2026-03-02T14:30:00+00:00,2026-03-02T14:30:00+00:00,fxcm_m30/d1,H4,H1,Anchor 2026 | range 7.78050,0,2,3,0.005918035212309568,22.059180352123096,33
2026-03-24 20:14:19.623001+00:00,GBP/JPY,swing,POC,W,W_POC,long,212.28250000000708,211.61250000000388,212.6695000000089,212.803,-52.04999999929214,52.04999999929214,False,True,crossed,10,2026-03-23T00:30:00+00:00,2026-03-23T00:30:00+00:00,fxcm_m30,H4,H1,Profile 2026-W12 | close 212.21950,0,3,1,0.018850141376311844,19.188501413763117,34
2026-03-24 20:14:19.652787+00:00,GBP/JPY,swing,IB,M,M_IB_HIGH,long,211.3885,211.3885,211.3885,212.803,-141.4500000000004,141.4500000000004,False,True,crossed,51,2026-03-06T18:00:00+00:00,2026-03-06T20:30:00+00:00,fxcm_m30/d1,H4,H1,Anchor 2026-03 | range 2.20550,0,2,2,0.007020007020007001,18.07020007020007,35
2026-03-24 20:14:19.634172+00:00,GBP/JPY,swing,IB,W,W_IB_MID,long,212.44774999999998,212.44774999999998,212.44774999999998,212.803,-35.52500000000123,35.52500000000123,False,True,crossed,9,2026-03-24T00:30:00+00:00,2026-03-24T01:00:00+00:00,fxcm_m30/d1,H4,H1,Anchor 2026-W13 | range 1.72950,0,2,1,0.027378507871320092,14.273785078713201,36
2026-03-24 20:14:10.231531+00:00,GBP/USD,swing,POC,M,M_POC,short,1.364649999999998,1.352149999999999,1.371149999999997,1.33825,263.9999999999798,263.9999999999798,True,False,fresh,0,,,fxcm_m30,H4,H1,Profile 2026-02 | close 1.34895,3,3,2,0.003773584905660665,53.03773584905661,1
2026-03-24 20:14:10.267631+00:00,GBP/USD,swing,IB,Y,Y_IB_MID,short,1.3597975,1.3597975,1.3597975,1.33825,215.4750000000005,215.4750000000005,True,False,fresh,0,,,fxcm_m30/d1,H4,H1,Anchor 2026 | range 0.05430,3,2,3,0.00461947107056241,52.04619471070563,2
2026-03-24 20:14:10.233535+00:00,GBP/USD,swing,IB,M,M_IB_HIGH,short,1.34916,1.34916,1.34916,1.33825,109.09999999999975,109.09999999999975,True,False,fresh,0,,,fxcm_m30/d1,H4,H1,Anchor 2026-03 | range 0.02385,3,2,2,0.009082652134423271,48.09082652134423,12
2026-03-24 20:14:10.206474+00:00,GBP/USD,swing,IB,W,W_IB_HIGH,short,1.347935,1.347935,1.347935,1.33825,96.85000000000166,96.85000000000166,True,False,fresh,0,,,fxcm_m30/d1,H4,H1,Anchor 2026-W13 | range 0.02223,3,2,1,0.010219724067450005,44.1021972406745,21
2026-03-24 20:14:10.208477+00:00,GBP/USD,swing,IB,W,W_IB_LOW,long,1.3257050000000001,1.3257050000000001,1.3257050000000001,1.33825,-125.44999999999806,125.44999999999806,False,True,fresh,0,,,fxcm_m30/d1,H4,H1,Anchor 2026-W13 | range 0.02223,3,2,1,0.007908264136022265,44.07908264136022,22
2026-03-24 20:14:10.260613+00:00,GBP/USD,swing,POC,Y,Y_POC,short,1.3436499999999953,1.3274499999999971,1.356249999999994,1.33825,53.999999999954085,53.999999999954085,True,False,crossed,158,2026-01-02T11:00:00+00:00,2026-01-05T02:00:00+00:00,fxcm_m30,H4,H1,Profile 2025 | close 1.34557,0,3,3,0.01818181818183336,27.181818181818333,31
2026-03-24 20:14:10.212484+00:00,GBP/USD,swing,IB,W,W_IB_MID,long,1.3368200000000001,1.3368200000000001,1.3368200000000001,1.33825,-14.299999999998203,14.299999999998203,False,True,tested,5,2026-03-24T13:00:00+00:00,,fxcm_m30/d1,H4,H1,Anchor 2026-W13 | range 0.02223,1,2,1,0.06535947712419068,24.653594771241906,32
2026-03-24 20:14:10.264620+00:00,GBP/USD,swing,IB,Y,Y_IB_LOW,long,1.332645,1.332645,1.332645,1.33825,-56.0499999999986,56.0499999999986,False,True,crossed,91,2026-03-02T08:00:00+00:00,2026-03-03T08:00:00+00:00,fxcm_m30/d1,H4,H1,Anchor 2026 | range 0.05430,0,2,3,0.01752848378615293,22.17528483786153,33
2026-03-24 20:14:10.204471+00:00,GBP/USD,swing,POC,W,W_POC,long,1.333549999999999,1.3273499999999996,1.3372499999999983,1.33825,-47.00000000001037,47.00000000001037,False,True,crossed,5,2026-03-23T00:00:00+00:00,2026-03-23T11:00:00+00:00,fxcm_m30,H4,H1,Profile 2026-W12 | close 1.33344,0,3,1,0.020833333333328832,19.20833333333329,34
2026-03-24 20:14:10.239546+00:00,GBP/USD,swing,IB,M,M_IB_MID,long,1.3372325,1.3372325,1.3372325,1.33825,-10.174999999998935,10.174999999998935,False,True,crossed,47,2026-03-06T03:30:00+00:00,2026-03-06T16:00:00+00:00,fxcm_m30/d1,H4,H1,Anchor 2026-03 | range 0.02385,0,2,2,0.08948545861298392,18.89485458612984,35
2026-03-24 20:14:10.235539+00:00,GBP/USD,swing,IB,M,M_IB_LOW,long,1.3253050000000002,1.3253050000000002,1.3253050000000002,1.33825,-129.44999999999763,129.44999999999763,False,True,crossed,26,2026-03-13T10:30:00+00:00,2026-03-13T15:00:00+00:00,fxcm_m30/d1,H4,H1,Anchor 2026-03 | range 0.02385,0,2,2,0.007665772326562041,18.07665772326562,36
2026-03-24 20:14:15.975220+00:00,NZD/USD,swing,POC,M,M_POC,short,0.6043499999999987,0.5977499999999994,0.6051499999999986,0.58185,224.9999999999874,224.9999999999874,True,False,fresh,0,,,fxcm_m30,H4,H1,Profile 2026-02 | close 0.59959,3,3,2,0.004424778761062193,53.04424778761062,1
2026-03-24 20:14:16.003273+00:00,NZD/USD,swing,IB,Y,Y_IB_LOW,long,0.571115,0.571115,0.571115,0.58185,-107.34999999999938,107.34999999999938,False,True,fresh,0,,,fxcm_m30/d1,H4,H1,Anchor 2026 | range 0.03815,3,2,3,0.009229349330872227,52.09229349330872,2
2026-03-24 20:14:16.003273+00:00,NZD/USD,swing,IB,Y,Y_IB_HIGH,short,0.60927,0.60927,0.60927,0.58185,274.2,274.2,True,False,fresh,0,,,fxcm_m30/d1,H4,H1,Anchor 2026 | range 0.03815,3,2,3,0.003633720930232558,52.036337209302324,3
2026-03-24 20:14:15.984367+00:00,NZD/USD,swing,IB,M,M_IB_1_DOWN,long,0.567625,0.567625,0.567625,0.58185,-142.24999999999932,142.24999999999932,False,True,fresh,0,,,fxcm_m30/d1,H4,H1,Anchor 2026-03 | range 0.01598,3,2,2,0.00698080279232115,48.06980802792321,12
2026-03-24 20:14:15.984367+00:00,NZD/USD,swing,IB,M,M_IB_HIGH,short,0.599585,0.599585,0.599585,0.58185,177.35000000000056,177.35000000000056,True,False,fresh,0,,,fxcm_m30/d1,H4,H1,Anchor 2026-03 | range 0.01598,3,2,2,0.0056069526212503325,48.056069526212504,13
2026-03-24 20:14:15.993821+00:00,NZD/USD,swing,IB,M,M_IB_1_5_DOWN,long,0.5596350000000001,0.5596350000000001,0.5596350000000001,0.58185,-222.14999999999873,222.14999999999873,False,True,fresh,0,,,fxcm_m30/d1,H4,H1,Anchor 2026-03 | range 0.01598,3,2,2,0.004481290611696194,48.04481290611696,14
2026-03-24 20:14:15.956890+00:00,NZD/USD,swing,IB,W,W_IB_LOW,long,0.5762050000000001,0.5762050000000001,0.5762050000000001,0.58185,-56.449999999999,56.449999999999,False,True,fresh,0,,,fxcm_m30/d1,H4,H1,Anchor 2026-W13 | range 0.01254,3,2,1,0.017406440382941993,44.17406440382942,21
2026-03-24 20:14:15.956890+00:00,NZD/USD,swing,IB,W,W_IB_HIGH,short,0.5887450000000001,0.5887450000000001,0.5887450000000001,0.58185,68.95000000000095,68.95000000000095,True,False,fresh,0,,,fxcm_m30/d1,H4,H1,Anchor 2026-W13 | range 0.01254,3,2,1,0.014295925661186367,44.14295925661187,22
2026-03-24 20:14:15.969171+00:00,NZD/USD,swing,IB,W,W_IB_1_DOWN,long,0.5636650000000001,0.5636650000000001,0.5636650000000001,0.58185,-181.84999999999894,181.84999999999894,False,True,fresh,0,,,fxcm_m30/d1,H4,H1,Anchor 2026-W13 | range 0.01254,3,2,1,0.005468963631391883,44.05468963631392,23
2026-03-24 20:14:15.966141+00:00,NZD/USD,swing,IB,W,W_IB_1_UP,short,0.6012850000000001,0.6012850000000001,0.6012850000000001,0.58185,194.3500000000009,194.3500000000009,True,False,fresh,0,,,fxcm_m30/d1,H4,H1,Anchor 2026-W13 | range 0.01254,3,2,1,0.005119017148707425,44.05119017148707,24
2026-03-24 20:14:15.973177+00:00,NZD/USD,swing,IB,W,W_IB_1_5_DOWN,long,0.5573950000000001,0.5573950000000001,0.5573950000000001,0.58185,-244.54999999999893,244.54999999999893,False,True,fresh,0,,,fxcm_m30/d1,H4,H1,Anchor 2026-W13 | range 0.01254,3,2,1,0.0040724903278354894,44.04072490327835,25
2026-03-24 20:14:15.971174+00:00,NZD/USD,swing,IB,W,W_IB_1_5_UP,short,0.6075550000000001,0.6075550000000001,0.6075550000000001,0.58185,257.05000000000086,257.05000000000086,True,False,fresh,0,,,fxcm_m30/d1,H4,H1,Anchor 2026-W13 | range 0.01254,3,2,1,0.003875217981011419,44.03875217981012,26
2026-03-24 20:14:16.003273+00:00,NZD/USD,swing,POC,Y,Y_POC,long,0.5783499999999978,0.5704499999999987,0.594649999999996,0.58185,-35.00000000002168,35.00000000002168,False,True,crossed,44,2026-01-05T15:30:00+00:00,2026-01-05T16:00:00+00:00,fxcm_m30,H4,H1,Profile 2025 | close 0.57544,0,3,3,0.02777777777776105,27.27777777777761,31
2026-03-24 20:14:16.003273+00:00,NZD/USD,swing,IB,Y,Y_IB_MID,short,0.5901925,0.5901925,0.5901925,0.58185,83.4250000000003,83.4250000000003,True,False,crossed,52,2026-03-03T08:30:00+00:00,2026-03-03T08:30:00+00:00,fxcm_m30/d1,H4,H1,Anchor 2026 | range 0.03815,0,2,3,0.011844832691738187,22.11844832691738,32
2026-03-24 20:14:15.956890+00:00,NZD/USD,swing,POC,W,W_POC,short,0.5841499999999994,0.5813499999999997,0.5862499999999992,0.58185,22.999999999994134,22.999999999994134,True,False,crossed,15,2026-03-23T11:00:00+00:00,2026-03-23T12:30:00+00:00,fxcm_m30,H4,H1,Profile 2026-W12 | close 0.58325,0,3,1,0.04166666666667685,19.416666666666767,33
2026-03-24 20:14:15.984367+00:00,NZD/USD,swing,IB,M,M_IB_LOW,short,0.583605,0.583605,0.583605,0.58185,17.55000000000062,17.55000000000062,True,False,crossed,55,2026-03-13T04:00:00+00:00,2026-03-13T04:00:00+00:00,fxcm_m30/d1,H4,H1,Anchor 2026-03 | range 0.01598,0,2,2,0.05390835579514645,18.539083557951464,34
2026-03-24 20:14:15.984367+00:00,NZD/USD,swing,IB,M,M_IB_MID,short,0.5915950000000001,0.5915950000000001,0.5915950000000001,0.58185,97.45000000000114,97.45000000000114,True,False,crossed,26,2026-03-09T09:30:00+00:00,2026-03-09T13:00:00+00:00,fxcm_m30/d1,H4,H1,Anchor 2026-03 | range 0.01598,0,2,2,0.010157440325037972,18.10157440325038,35
2026-03-24 20:14:15.966141+00:00,NZD/USD,swing,IB,W,W_IB_MID,short,0.5824750000000001,0.5824750000000001,0.5824750000000001,0.58185,6.250000000000977,6.250000000000977,True,False,crossed,15,2026-03-24T05:00:00+00:00,2026-03-24T05:00:00+00:00,fxcm_m30/d1,H4,H1,Anchor 2026-W13 | range 0.01254,0,2,1,0.13793103448274002,15.3793103448274,36
2026-03-24 20:14:14.885662+00:00,USD/CAD,swing,POC,Y,Y_POC,short,1.4033499999999952,1.3780499999999978,1.412649999999994,1.376395,269.54999999995175,269.54999999995175,True,False,fresh,0,,,fxcm_m30,H4,H1,Profile 2025 | close 1.37215,3,3,3,0.0036961744594351444,57.03696174459435,1
2026-03-24 20:14:14.885662+00:00,USD/CAD,swing,IB,Y,Y_IB_HIGH,short,1.39288,1.39288,1.39288,1.376395,164.8499999999986,164.8499999999986,True,False,fresh,0,,,fxcm_m30/d1,H4,H1,Anchor 2026 | range 0.04471,3,2,3,0.006029544769369963,52.0602954476937,2
2026-03-24 20:14:14.892390+00:00,USD/CAD,swing,IB,Y,Y_IB_LOW,long,1.34817,1.34817,1.34817,1.376395,-282.24999999999943,282.24999999999943,False,True,fresh,0,,,fxcm_m30/d1,H4,H1,Anchor 2026 | range 0.04471,3,2,3,0.003530450132391887,52.03530450132392,3
2026-03-24 20:14:14.852481+00:00,USD/CAD,swing,IB,M,M_IB_1_UP,short,1.3891149999999999,1.3891149999999999,1.3891149999999999,1.376395,127.19999999999843,127.19999999999843,True,False,fresh,0,,,fxcm_m30/d1,H4,H1,Anchor 2026-03 | range 0.01381,3,2,2,0.007800312012480595,48.078003120124805,12
2026-03-24 20:14:14.858375+00:00,USD/CAD,swing,IB,M,M_IB_1_5_UP,short,1.3960225,1.3960225,1.3960225,1.376395,196.27499999999907,196.27499999999907,True,False,fresh,0,,,fxcm_m30/d1,H4,H1,Anchor 2026-03 | range 0.01381,3,2,2,0.005069066024584994,48.05069066024585,13
2026-03-24 20:14:14.867399+00:00,USD/CAD,swing,IB,M,M_IB_2_UP,short,1.4029299999999998,1.4029299999999998,1.4029299999999998,1.376395,265.3499999999975,265.3499999999975,True,False,fresh,0,,,fxcm_m30/d1,H4,H1,Anchor 2026-03 | range 0.01381,3,2,2,0.00375445841937304,48.03754458419373,14
2026-03-24 20:14:14.858375+00:00,USD/CAD,swing,IB,M,M_IB_1_DOWN,long,1.3476700000000001,1.3476700000000001,1.3476700000000001,1.376395,-287.24999999999886,287.24999999999886,False,True,fresh,0,,,fxcm_m30/d1,H4,H1,Anchor 2026-03 | range 0.01381,3,2,2,0.003469210754553353,48.03469210754553,15
2026-03-24 20:14:14.803453+00:00,USD/CAD,swing,IB,W,W_IB_MID,long,1.37123,1.37123,1.37123,1.376395,-51.65000000000086,51.65000000000086,False,True,fresh,0,,,fxcm_m30/d1,H4,H1,Anchor 2026-W13 | range 0.00855,3,2,1,0.01899335232668535,44.18993352326685,20
2026-03-24 20:14:14.803453+00:00,USD/CAD,swing,IB,W,W_IB_1_UP,short,1.384055,1.384055,1.384055,1.376395,76.6,76.6,True,False,fresh,0,,,fxcm_m30/d1,H4,H1,Anchor 2026-W13 | range 0.00855,3,2,1,0.012886597938144331,44.128865979381445,21
2026-03-24 20:14:14.794182+00:00,USD/CAD,swing,IB,W,W_IB_LOW,long,1.366955,1.366955,1.366955,1.376395,-94.40000000000114,94.40000000000114,False,True,fresh,0,,,fxcm_m30/d1,H4,H1,Anchor 2026-W13 | range 0.00855,3,2,1,0.010482180293500922,44.10482180293501,22
2026-03-24 20:14:14.803453+00:00,USD/CAD,swing,IB,W,W_IB_1_5_UP,short,1.38833,1.38833,1.38833,1.376395,119.35000000000028,119.35000000000028,True,False,fresh,0,,,fxcm_m30/d1,H4,H1,Anchor 2026-W13 | range 0.00855,3,2,1,0.008309098462816765,44.083090984628164,23
2026-03-24 20:14:14.814342+00:00,USD/CAD,swing,IB,W,W_IB_2_UP,short,1.392605,1.392605,1.392605,1.376395,162.10000000000056,162.10000000000056,True,False,fresh,0,,,fxcm_m30/d1,H4,H1,Anchor 2026-W13 | range 0.00855,3,2,1,0.006131207847946024,44.06131207847946,24
2026-03-24 20:14:14.803453+00:00,USD/CAD,swing,IB,W,W_IB_1_DOWN,long,1.3584049999999999,1.3584049999999999,1.3584049999999999,1.376395,-179.9000000000017,179.9000000000017,False,True,fresh,0,,,fxcm_m30/d1,H4,H1,Anchor 2026-W13 | range 0.00855,3,2,1,0.005527915975677118,44.05527915975677,25
2026-03-24 20:14:14.803453+00:00,USD/CAD,swing,IB,W,W_IB_1_5_DOWN,long,1.3541299999999998,1.3541299999999998,1.3541299999999998,1.376395,-222.650000000002,222.650000000002,False,True,fresh,0,,,fxcm_m30/d1,H4,H1,Anchor 2026-W13 | range 0.00855,3,2,1,0.004471272076905839,44.044712720769056,26
2026-03-24 20:14:14.821729+00:00,USD/CAD,swing,IB,W,W_IB_3_UP,short,1.4011550000000002,1.4011550000000002,1.4011550000000002,1.376395,247.60000000000113,247.60000000000113,True,False,fresh,0,,,fxcm_m30/d1,H4,H1,Anchor 2026-W13 | range 0.00855,3,2,1,0.004022526146419934,44.0402252614642,27
2026-03-24 20:14:14.821729+00:00,USD/CAD,swing,IB,W,W_IB_2_DOWN,long,1.3498549999999998,1.3498549999999998,1.3498549999999998,1.376395,-265.4000000000023,265.4000000000023,False,True,fresh,0,,,fxcm_m30/d1,H4,H1,Anchor 2026-W13 | range 0.00855,3,2,1,0.003753753753753721,44.03753753753754,28
2026-03-24 20:14:14.830789+00:00,USD/CAD,swing,POC,M,M_POC,long,1.3685499999999982,1.3630499999999985,1.370149999999998,1.376395,-78.45000000001878,78.45000000001878,False,True,crossed,59,2026-03-02T08:30:00+00:00,2026-03-02T15:30:00+00:00,fxcm_m30,H4,H1,Profile 2026-02 | close 1.36444,0,3,2,0.012586532410317982,23.12586532410318,30
2026-03-24 20:14:14.894858+00:00,USD/CAD,swing,IB,Y,Y_IB_MID,long,1.370525,1.370525,1.370525,1.376395,-58.700000000000415,58.700000000000415,False,True,crossed,60,2026-03-02T16:00:00+00:00,2026-03-02T16:00:00+00:00,fxcm_m30/d1,H4,H1,Anchor 2026 | range 0.04471,0,2,3,0.016750418760468896,22.16750418760469,31
2026-03-24 20:14:14.794182+00:00,USD/CAD,swing,POC,W,W_POC,long,1.3719499999999991,1.3697499999999994,1.3738499999999991,1.376395,-44.450000000009204,44.450000000009204,False,True,crossed,14,2026-03-23T00:30:00+00:00,2026-03-23T00:30:00+00:00,fxcm_m30,H4,H1,Profile 2026-W12 | close 1.37098,0,3,1,0.022002200220017545,19.220022002200174,32
2026-03-24 20:14:14.840150+00:00,USD/CAD,swing,IB,M,M_IB_HIGH,long,1.3753,1.3753,1.3753,1.376395,-10.950000000000681,10.950000000000681,False,True,crossed,14,2026-03-23T10:30:00+00:00,2026-03-24T03:30:00+00:00,fxcm_m30/d1,H4,H1,Anchor 2026-03 | range 0.01381,0,2,2,0.08368200836819606,18.83682008368196,33
2026-03-24 20:14:14.852481+00:00,USD/CAD,swing,IB,M,M_IB_MID,long,1.3683925000000001,1.3683925000000001,1.3683925000000001,1.376395,-80.02499999999912,80.02499999999912,False,True,crossed,29,2026-03-13T12:30:00+00:00,2026-03-13T12:30:00+00:00,fxcm_m30/d1,H4,H1,Anchor 2026-03 | range 0.01381,0,2,2,0.012341869793273815,18.12341869793274,34
2026-03-24 20:14:14.842155+00:00,USD/CAD,swing,IB,M,M_IB_LOW,long,1.361485,1.361485,1.361485,1.376395,-149.09999999999977,149.09999999999977,False,True,crossed,6,2026-03-06T16:00:00+00:00,2026-03-06T16:30:00+00:00,fxcm_m30/d1,H4,H1,Anchor 2026-03 | range 0.01381,0,2,2,0.006662225183211203,18.06662225183211,35
2026-03-24 20:14:14.794182+00:00,USD/CAD,swing,IB,W,W_IB_HIGH,long,1.375505,1.375505,1.375505,1.376395,-8.900000000000574,8.900000000000574,False,True,crossed,12,2026-03-24T03:30:00+00:00,2026-03-24T04:00:00+00:00,fxcm_m30/d1,H4,H1,Anchor 2026-W13 | range 0.00855,0,2,1,0.10101010101009515,15.010101010100952,36
2026-03-24 20:14:12.625947+00:00,USD/CHF,swing,IB,Y,Y_IB_HIGH,short,0.804175,0.804175,0.804175,0.7900749999999999,141.0000000000011,141.0000000000011,True,False,fresh,0,,,fxcm_m30/d1,H4,H1,Anchor 2026 | range 0.04379,3,2,3,0.007042253521126705,52.070422535211264,1
2026-03-24 20:14:12.625947+00:00,USD/CHF,swing,IB,Y,Y_IB_LOW,long,0.7603899999999999,0.7603899999999999,0.7603899999999999,0.7900749999999999,-296.8499999999996,296.8499999999996,False,True,fresh,0,,,fxcm_m30/d1,H4,H1,Anchor 2026 | range 0.04379,3,2,3,0.003357394661742492,52.03357394661742,2
2026-03-24 20:14:12.607372+00:00,USD/CHF,swing,IB,M,M_IB_1_UP,short,0.809485,0.809485,0.809485,0.7900749999999999,194.10000000000147,194.10000000000147,True,False,fresh,0,,,fxcm_m30/d1,H4,H1,Anchor 2026-03 | range 0.02160,3,2,2,0.005125576627370541,48.051255766273705,11
2026-03-24 20:14:12.607372+00:00,USD/CHF,swing,IB,M,M_IB_LOW,long,0.7662849999999999,0.7662849999999999,0.7662849999999999,0.7900749999999999,-237.89999999999978,237.89999999999978,False,True,fresh,0,,,fxcm_m30/d1,H4,H1,Anchor 2026-03 | range 0.02160,3,2,2,0.004185851820845546,48.04185851820846,12
2026-03-24 20:14:12.588776+00:00,USD/CHF,swing,IB,W,W_IB_HIGH,short,0.79399,0.79399,0.79399,0.7900749999999999,39.15000000000113,39.15000000000113,True,False,fresh,0,,,fxcm_m30/d1,H4,H1,Anchor 2026-W13 | range 0.01054,3,2,1,0.024906600249065304,44.24906600249065,20
2026-03-24 20:14:12.588776+00:00,USD/CHF,swing,IB,W,W_IB_LOW,long,0.78345,0.78345,0.78345,0.7900749999999999,-66.2499999999988,66.2499999999988,False,True,fresh,0,,,fxcm_m30/d1,H4,H1,Anchor 2026-W13 | range 0.01054,3,2,1,0.014869888475836696,44.14869888475837,21
2026-03-24 20:14:12.588776+00:00,USD/CHF,swing,IB,W,W_IB_1_UP,short,0.80453,0.80453,0.80453,0.7900749999999999,144.55000000000106,144.55000000000106,True,False,fresh,0,,,fxcm_m30/d1,H4,H1,Anchor 2026-W13 | range 0.01054,3,2,1,0.006870491240123618,44.06870491240124,22
2026-03-24 20:14:12.588776+00:00,USD/CHF,swing,IB,W,W_IB_1_DOWN,long,0.77291,0.77291,0.77291,0.7900749999999999,-171.64999999999873,171.64999999999873,False,True,fresh,0,,,fxcm_m30/d1,H4,H1,Anchor 2026-W13 | range 0.01054,3,2,1,0.005792064871126599,44.05792064871127,23
2026-03-24 20:14:12.598172+00:00,USD/CHF,swing,IB,W,W_IB_1_5_UP,short,0.8098,0.8098,0.8098,0.7900749999999999,197.25000000000102,197.25000000000102,True,False,fresh,0,,,fxcm_m30/d1,H4,H1,Anchor 2026-W13 | range 0.01054,3,2,1,0.005044136191677149,44.050441361916775,24
2026-03-24 20:14:12.598172+00:00,USD/CHF,swing,IB,W,W_IB_1_5_DOWN,long,0.76764,0.76764,0.76764,0.7900749999999999,-224.34999999999872,224.34999999999872,False,True,fresh,0,,,fxcm_m30/d1,H4,H1,Anchor 2026-W13 | range 0.01054,3,2,1,0.004437541601952544,44.04437541601953,25
2026-03-24 20:14:12.598172+00:00,USD/CHF,swing,IB,W,W_IB_2_UP,short,0.81507,0.81507,0.81507,0.7900749999999999,249.95000000000098,249.95000000000098,True,False,fresh,0,,,fxcm_m30/d1,H4,H1,Anchor 2026-W13 | range 0.01054,3,2,1,0.003984857541342882,44.03984857541343,26
2026-03-24 20:14:12.598172+00:00,USD/CHF,swing,IB,W,W_IB_2_DOWN,long,0.76237,0.76237,0.76237,0.7900749999999999,-277.04999999999865,277.04999999999865,False,True,fresh,0,,,fxcm_m30/d1,H4,H1,Anchor 2026-W13 | range 0.01054,3,2,1,0.0035964754540550436,44.03596475454055,27
2026-03-24 20:14:12.625947+00:00,USD/CHF,swing,POC,Y,Y_POC,short,0.7959499999999986,0.791949999999999,0.8058499999999975,0.7900749999999999,58.74999999998742,58.74999999998742,True,False,crossed,41,2026-01-05T09:30:00+00:00,2026-01-05T09:30:00+00:00,fxcm_m30,H4,H1,Profile 2025 | close 0.79319,0,3,3,0.01673640167364369,27.167364016736435,30
2026-03-24 20:14:12.607372+00:00,USD/CHF,swing,POC,M,M_POC,long,0.7755499999999986,0.7704499999999992,0.7785499999999983,0.7900749999999999,-145.2500000000123,145.2500000000123,False,True,crossed,17,2026-03-02T12:00:00+00:00,2026-03-02T12:00:00+00:00,fxcm_m30,H4,H1,Profile 2026-02 | close 0.76915,0,3,2,0.0068376068376062625,23.06837606837606,31
2026-03-24 20:14:12.635384+00:00,USD/CHF,swing,IB,Y,Y_IB_MID,long,0.7822825,0.7822825,0.7822825,0.7900749999999999,-77.92499999999869,77.92499999999869,False,True,crossed,44,2026-03-03T07:30:00+00:00,2026-03-03T07:30:00+00:00,fxcm_m30/d1,H4,H1,Anchor 2026 | range 0.04379,0,2,3,0.012670256572695807,22.12670256572696,32
2026-03-24 20:14:12.588776+00:00,USD/CHF,swing,POC,W,W_POC,long,0.7886499999999995,0.7855499999999999,0.7914499999999992,0.7900749999999999,-14.250000000003427,14.250000000003427,False,True,crossed,15,2026-03-23T00:30:00+00:00,2026-03-23T00:30:00+00:00,fxcm_m30,H4,H1,Profile 2026-W12 | close 0.78774,0,3,1,0.06557377049178854,19.655737704917886,33
2026-03-24 20:14:12.607372+00:00,USD/CHF,swing,IB,M,M_IB_HIGH,long,0.787885,0.787885,0.787885,0.7900749999999999,-21.899999999999142,21.899999999999142,False,True,crossed,68,2026-03-13T07:00:00+00:00,2026-03-13T07:00:00+00:00,fxcm_m30/d1,H4,H1,Anchor 2026-03 | range 0.02160,0,2,2,0.04366812227074399,18.43668122270744,34
2026-03-24 20:14:12.607372+00:00,USD/CHF,swing,IB,M,M_IB_MID,long,0.7770849999999999,0.7770849999999999,0.7770849999999999,0.7900749999999999,-129.89999999999947,129.89999999999947,False,True,crossed,30,2026-03-06T17:00:00+00:00,2026-03-06T18:00:00+00:00,fxcm_m30/d1,H4,H1,Anchor 2026-03 | range 0.02160,0,2,2,0.007639419404125318,18.076394194041253,35
2026-03-24 20:14:12.588776+00:00,USD/CHF,swing,IB,W,W_IB_MID,long,0.78872,0.78872,0.78872,0.7900749999999999,-13.54999999999884,13.54999999999884,False,True,crossed,7,2026-03-24T01:30:00+00:00,2026-03-24T04:00:00+00:00,fxcm_m30/d1,H4,H1,Anchor 2026-W13 | range 0.01054,0,2,1,0.06872852233677523,14.687285223367752,36
2026-03-24 20:14:11.636352+00:00,USD/JPY,swing,IB,Y,Y_IB_LOW,long,152.09449999999998,152.09449999999998,152.09449999999998,159.015,-692.0500000000004,692.0500000000004,False,True,fresh,0,,,fxcm_m30/d1,H4,H1,Anchor 2026 | range 7.36100,3,2,3,0.0014428973378544107,52.01442897337854,2
2026-03-24 20:14:11.636352+00:00,USD/JPY,swing,IB,Y,Y_IB_1_UP,short,166.81650000000002,166.81650000000002,166.81650000000002,159.015,780.1500000000033,780.1500000000033,True,False,fresh,0,,,fxcm_m30/d1,H4,H1,Anchor 2026 | range 7.36100,3,2,3,0.0012801638609741992,52.012801638609744,3
2026-03-24 20:14:11.618106+00:00,USD/JPY,swing,IB,M,M_IB_1_UP,short,160.40150000000003,160.40150000000003,160.40150000000003,159.015,138.65000000000407,138.65000000000407,True,False,fresh,0,,,fxcm_m30/d1,H4,H1,Anchor 2026-03 | range 2.43100,3,2,2,0.00716075904045808,48.07160759040458,11
2026-03-24 20:14:11.618106+00:00,USD/JPY,swing,IB,M,M_IB_MID,long,156.755,156.755,156.755,159.015,-225.9999999999991,225.9999999999991,False,True,fresh,0,,,fxcm_m30/d1,H4,H1,Anchor 2026-03 | range 2.43100,3,2,2,0.0044052863436123526,48.04405286343612,12
2026-03-24 20:14:11.618106+00:00,USD/JPY,swing,IB,M,M_IB_1_5_UP,short,161.61700000000002,161.61700000000002,161.61700000000002,159.015,260.20000000000323,260.20000000000323,True,False,fresh,0,,,fxcm_m30/d1,H4,H1,Anchor 2026-03 | range 2.43100,3,2,2,0.0038284839203674872,48.038284839203676,13
2026-03-24 20:14:11.609096+00:00,USD/JPY,swing,IB,M,M_IB_LOW,long,155.5395,155.5395,155.5395,159.015,-347.54999999999825,347.54999999999825,False,True,fresh,0,,,fxcm_m30/d1,H4,H1,Anchor 2026-03 | range 2.43100,3,2,2,0.0028690288337397934,48.0286902883374,14
2026-03-24 20:14:11.618106+00:00,USD/JPY,swing,IB,M,M_IB_2_UP,short,162.83250000000004,162.83250000000004,162.83250000000004,159.015,381.75000000000523,381.75000000000523,True,False,fresh,0,,,fxcm_m30/d1,H4,H1,Anchor 2026-03 | range 2.43100,3,2,2,0.002612671456564301,48.02612671456564,15
2026-03-24 20:14:11.618106+00:00,USD/JPY,swing,IB,M,M_IB_1_DOWN,long,153.1085,153.1085,153.1085,159.015,-590.6499999999994,590.6499999999994,False,True,fresh,0,,,fxcm_m30/d1,H4,H1,Anchor 2026-03 | range 2.43100,3,2,2,0.001690188456012847,48.01690188456013,16
2026-03-24 20:14:11.627221+00:00,USD/JPY,swing,IB,M,M_IB_3_UP,short,165.26350000000005,165.26350000000005,165.26350000000005,159.015,624.8500000000064,624.8500000000064,True,False,fresh,0,,,fxcm_m30/d1,H4,H1,Anchor 2026-03 | range 2.43100,3,2,2,0.0015978269553407203,48.01597826955341,17
2026-03-24 20:14:11.618106+00:00,USD/JPY,swing,IB,M,M_IB_1_5_DOWN,long,151.89299999999997,151.89299999999997,151.89299999999997,159.015,-712.2000000000014,712.2000000000014,False,True,fresh,0,,,fxcm_m30/d1,H4,H1,Anchor 2026-03 | range 2.43100,3,2,2,0.001402131239484013,48.01402131239484,18
2026-03-24 20:14:11.591029+00:00,USD/JPY,swing,IB,W,W_IB_HIGH,short,159.65949999999998,159.65949999999998,159.65949999999998,159.015,64.44999999999936,64.44999999999936,True,False,fresh,0,,,fxcm_m30/d1,H4,H1,Anchor 2026-W13 | range 1.64050,3,2,1,0.015278838808250721,44.152788388082506,21
2026-03-24 20:14:11.591029+00:00,USD/JPY,swing,IB,W,W_IB_LOW,long,158.019,158.019,158.019,159.015,-99.59999999999809,99.59999999999809,False,True,fresh,0,,,fxcm_m30/d1,H4,H1,Anchor 2026-W13 | range 1.64050,3,2,1,0.009940357852882893,44.09940357852883,22
2026-03-24 20:14:11.600050+00:00,USD/JPY,swing,IB,W,W_IB_1_UP,short,161.29999999999995,161.29999999999995,161.29999999999995,159.015,228.49999999999682,228.49999999999682,True,False,fresh,0,,,fxcm_m30/d1,H4,H1,Anchor 2026-W13 | range 1.64050,3,2,1,0.004357298474945594,44.04357298474945,23
2026-03-24 20:14:11.600050+00:00,USD/JPY,swing,IB,W,W_IB_1_DOWN,long,156.37850000000003,156.37850000000003,156.37850000000003,159.015,-263.64999999999554,263.64999999999554,False,True,fresh,0,,,fxcm_m30/d1,H4,H1,Anchor 2026-W13 | range 1.64050,3,2,1,0.0037785754770452177,44.037785754770454,24
2026-03-24 20:14:11.600050+00:00,USD/JPY,swing,IB,W,W_IB_1_5_UP,short,162.12024999999994,162.12024999999994,162.12024999999994,159.015,310.52499999999554,310.52499999999554,True,False,fresh,0,,,fxcm_m30/d1,H4,H1,Anchor 2026-W13 | range 1.64050,3,2,1,0.0032100152475724717,44.03210015247573,25
2026-03-24 20:14:11.600050+00:00,USD/JPY,swing,IB,W,W_IB_1_5_DOWN,long,155.55825000000004,155.55825000000004,155.55825000000004,159.015,-345.67499999999427,345.67499999999427,False,True,fresh,0,,,fxcm_m30/d1,H4,H1,Anchor 2026-W13 | range 1.64050,3,2,1,0.0028845460445662842,44.028845460445666,26
2026-03-24 20:14:11.600050+00:00,USD/JPY,swing,IB,W,W_IB_2_UP,short,162.94049999999993,162.94049999999993,162.94049999999993,159.015,392.54999999999427,392.54999999999427,True,False,fresh,0,,,fxcm_m30/d1,H4,H1,Anchor 2026-W13 | range 1.64050,3,2,1,0.0025409731927328537,44.025409731927326,27
2026-03-24 20:14:11.600050+00:00,USD/JPY,swing,IB,W,W_IB_2_DOWN,long,154.73800000000006,154.73800000000006,154.73800000000006,159.015,-427.699999999993,427.699999999993,False,True,fresh,0,,,fxcm_m30/d1,H4,H1,Anchor 2026-W13 | range 1.64050,3,2,1,0.0023326335432703902,44.02332633543271,28
2026-03-24 20:14:11.609096+00:00,USD/JPY,swing,IB,W,W_IB_3_UP,short,164.5809999999999,164.5809999999999,164.5809999999999,159.015,556.5999999999917,556.5999999999917,True,False,fresh,0,,,fxcm_m30/d1,H4,H1,Anchor 2026-W13 | range 1.64050,3,2,1,0.0017934002869440726,44.01793400286944,29
2026-03-24 20:14:11.609096+00:00,USD/JPY,swing,IB,W,W_IB_3_DOWN,long,153.09750000000008,153.09750000000008,153.09750000000008,159.015,-591.7499999999905,591.7499999999905,False,True,fresh,0,,,fxcm_m30/d1,H4,H1,Anchor 2026-W13 | range 1.64050,3,2,1,0.0016870518768452403,44.01687051876845,30
2026-03-24 20:14:11.636352+00:00,USD/JPY,swing,IB,Y,Y_IB_MID,long,155.77499999999998,155.77499999999998,155.77499999999998,159.015,-324.0000000000009,324.0000000000009,False,True,tested,1,2026-03-01T18:00:00+00:00,,fxcm_m30/d1,H4,H1,Anchor 2026 | range 7.36100,1,2,3,0.0030769230769230682,32.03076923076923,31
2026-03-24 20:14:11.609096+00:00,USD/JPY,swing,POC,M,M_POC,long,155.92450000001747,154.1115000000088,157.18050000002347,159.015,-309.0499999982512,309.0499999982512,False,True,crossed,2,2026-03-01T18:00:00+00:00,2026-03-01T18:30:00+00:00,fxcm_m30,H4,H1,Profile 2026-02 | close 156.05900,0,3,2,0.0032252862441723602,23.032252862441723,32
2026-03-24 20:14:11.627221+00:00,USD/JPY,swing,IB,Y,Y_IB_HIGH,short,159.4555,159.4555,159.4555,159.015,44.05000000000143,44.05000000000143,True,False,crossed,48,2026-03-13T04:00:00+00:00,2026-03-13T04:30:00+00:00,fxcm_m30/d1,H4,H1,Anchor 2026 | range 7.36100,0,2,3,0.02219755826858975,22.221975582685896,33
2026-03-24 20:14:11.591029+00:00,USD/JPY,swing,POC,W,W_POC,short,159.23650000000828,158.68550000000562,159.58750000000992,159.015,22.150000000829095,22.150000000829095,True,False,crossed,2,2026-03-23T00:30:00+00:00,2026-03-23T00:30:00+00:00,fxcm_m30,H4,H1,Profile 2026-W12 | close 159.15200,0,3,1,0.04319654427491084,19.43196544274911,34
2026-03-24 20:14:11.609096+00:00,USD/JPY,swing,IB,M,M_IB_HIGH,long,157.97050000000002,157.97050000000002,157.97050000000002,159.015,-104.44999999999709,104.44999999999709,False,True,crossed,22,2026-03-06T11:30:00+00:00,2026-03-06T12:30:00+00:00,fxcm_m30/d1,H4,H1,Anchor 2026-03 | range 2.43100,0,2,2,0.009483167377904481,18.094831673779044,35
2026-03-24 20:14:11.591029+00:00,USD/JPY,swing,IB,W,W_IB_MID,long,158.83925,158.83925,158.83925,159.015,-17.574999999999363,17.574999999999363,False,True,crossed,6,2026-03-24T12:30:00+00:00,2026-03-24T13:00:00+00:00,fxcm_m30/d1,H4,H1,Anchor 2026-W13 | range 1.64050,0,2,1,0.05383580080753886,14.538358008075388,36
